id,Horvathv1,Horvathv2,Hannum,Lin,VidalBralo,PhenoAge,HRSInCHPhenoAge,YingCausAge,YingDamAge,YingAdaptAge,StocP,StocH,AltumAge,DunedinPACE
GSM989827,52.17148997331232,60.457122348921615,67.13475010211,57.999533006560966,59.96264817,50.85111330630209,55.61831354918449,58.04285622151675,62.45569047462959,48.07686769107363,46.72908952744669,56.363277796543564,63.467007,0.7454889618388061
GSM989828,75.45656340169876,77.56927764832162,86.16786539993001,83.81805624220397,71.03811298,72.4841137928106,77.81062253892182,75.4496389086288,84.14197910423889,57.766838740082164,66.26801501429688,65.51826072933682,84.2212,0.8066887029608663
GSM989829,62.61323082890584,61.00043957107157,68.95305797553002,68.38801676144136,62.490927060000004,58.50815732800265,57.952633368800946,65.28869688010253,62.27956593963347,52.69296652890256,53.09122453604442,58.62612381125539,60.349907,1.1219516460694492
GSM989830,54.26001849563873,60.26856275748949,68.89555924898998,69.1022784868424,62.31600804,59.57527006493376,60.553015303785095,62.44047243411751,68.00543013760466,52.653484291729995,50.40839580907889,55.034168619107525,60.779694,1.0509296114208926
GSM989831,62.95757344624491,64.07001577324996,67.93252073917,59.783313955931206,61.41431749,54.27141733302057,54.8311337173597,64.44561263390771,67.40576469327402,55.534361418818236,50.81752243202547,60.54176612321995,58.81741,0.8355311198879196
GSM989832,76.99700836635122,72.70534676261298,84.22936189224001,79.48412872326342,60.44694735,63.4459117764772,71.92978853121049,73.82792711485487,63.292787958920826,74.01891509937698,60.623779369592484,68.02322915260962,69.83327,0.934009754774805
GSM989833,68.59307279762618,70.33134693074672,77.75700467977002,64.88647469625383,59.94555962,62.52518550921647,60.6917879828231,64.29799259501831,67.82594438471841,57.83930506446072,60.04062030157348,59.9178793641235,70.02125,0.9345537998324933
GSM989834,64.82460036497545,72.51038611418991,76.60311459627002,66.65054828336277,66.36385346,66.7776342519833,69.85499353449254,66.40897941298357,73.56212235326967,53.893935626522705,60.580902150975945,56.27635562088121,70.25132,1.0571404761869176
GSM989835,66.19878773274692,67.76259362595059,79.89898650186001,72.49140679866997,68.89162567,71.95921965553616,74.47242046519771,66.65462967746734,65.49037005834765,58.57537321007837,51.11884955776745,59.538140543909456,66.637924,1.2347850997026613
GSM989836,79.1445494975444,72.86567523355026,82.41801509711003,82.52761983546003,57.03428643,70.842640979735,68.83081235635876,78.3732750582224,86.06338114363365,59.1691038921484,65.75755803081428,62.21078360929126,78.99273,0.9117501659986402
GSM989837,73.5746514466986,75.62484797466298,87.21390124453002,81.30948204627326,65.94766347,66.1120185937481,75.4722368567807,68.76523273518902,77.39420712575861,60.30528706559491,59.78462081987384,66.08107412319592,75.67211,1.2236949233243881
GSM989838,51.48130808326384,45.92431481509047,57.72919253109,48.41851225271195,55.55151749,39.101307588741165,40.75897265739637,42.47310223647243,54.55185824486159,44.44151211149298,41.79379469729348,43.39620470931229,48.828335,0.9147089951366207
GSM989839,76.8998913351669,70.49458937940278,81.47749401856,77.40251613080711,62.88706445000001,61.66368495052878,67.64671338997557,73.92658462593015,63.36654283501423,74.45271496985777,53.597258307653966,62.515190102009676,69.76082,1.0468623315341539
GSM989840,52.16021750020886,49.674655095212614,51.99912505004,51.153026080234355,51.92896200999999,39.767594222039676,41.911997372741936,51.24521661175039,56.70606478846804,39.56998017281296,47.43015383853707,48.588126740582375,51.99651,1.00418040714163
GSM989841,63.91929567277874,60.3188497327049,73.36821447543,69.95297236422886,62.71638896,57.14982900605448,65.26199808784189,61.40717487512762,63.956503873411634,57.50369523000671,52.999306559320644,54.27995868007516,61.570282,1.1544619564789258
GSM989842,66.99264834529924,69.45491077091167,74.01701088806999,69.9677333797525,64.88101181,63.919788144506455,68.42471413275808,64.93677677219746,67.16530193540655,53.932767937099555,55.600491889374,57.73541768744243,67.94996,0.9774614116748139
GSM989843,71.46002989495403,65.5470749148376,73.10503809346001,69.59560474760207,65.04369664000001,61.49916453283137,68.12072988710636,64.58298824037138,67.48822977774967,56.3490828274964,53.893049814242005,60.4059882695093,67.32259,0.9556554198572871
GSM989844,69.66677811391125,72.34580665913856,81.86902218572999,76.24881744998406,69.16135426,60.70421364866531,73.99566694227983,69.24414962558285,71.10442283088713,58.79403322476443,51.691629229583924,56.71433599170792,79.95808,0.8357275397569639
GSM989845,88.07026027628574,80.17537392812596,89.76722483195,91.37987631893724,74.00167954999999,83.14626405981753,80.51231421292064,84.13493464641768,88.78874884643653,61.891613864077556,72.1671089854593,71.50146825421538,87.98829,1.1161366217490127
GSM989846,57.568786990399275,52.90581582140816,61.90937291835001,63.67845728927004,61.65882036,52.70045996743093,57.440650664328146,57.18343574360248,60.30118673813553,47.121442582610484,44.199619420204165,57.91166862016777,60.6258,0.9416657881964183
GSM989847,73.62090791739863,69.06218890585737,83.98400054397003,80.24383514193686,62.63526544,67.23488790425893,69.22569263485101,73.41083785322265,61.309307062365576,71.59838858935342,58.63155252675904,62.3988941105602,73.88868,1.0860014852523723
GSM989848,61.987436348678735,61.3618590328337,73.54696096166,60.03676658405062,66.53620002000001,69.71133088172022,61.04916637509781,70.17546377870907,76.80286099955941,48.392259295896906,63.66860988299044,54.594189893998866,64.47955,1.143231101109028
GSM989849,90.00878402485012,87.28276293911074,97.60760316630999,90.56811439015642,75.13608070000001,83.82886582670189,89.26338751666238,87.1410100392696,89.72463886598939,75.0470483316133,75.18007794745806,78.77805132266946,81.237206,1.1759342644946846
GSM989850,81.43940068854945,74.10458695948685,92.43476624887,91.02335026037423,73.30970189000001,71.03805344086882,81.14840638993721,78.75889668793835,92.40101615079067,43.10202979477003,45.82037651945457,63.21238225238047,82.25956,1.0979178557471683
GSM989851,68.23612915376513,68.60222784774933,72.95034517125,72.84733031200584,56.85261895000001,62.14369413992266,61.322720621449534,64.35462783216687,64.83153553937467,61.240750418361074,55.81740263429826,59.46651100442258,68.78557,1.1090789261005944
GSM989852,74.78130722436225,67.36940210257828,81.96608078531001,68.61961722349058,66.67593517,67.58482990887441,71.83587102600299,68.66745124311103,74.3973794961575,63.18697512818272,58.594165461731905,62.58421412400366,65.47663,1.1263366066149934
GSM989853,73.0876877378328,65.6496769411244,75.72429007194998,76.50322411300898,61.03195805,61.22366699285128,66.0115365257868,67.69211624644079,65.3142618177871,58.788224125442895,54.89208895999566,62.76216743099686,63.770824,1.1950831603189278
GSM989854,49.675750501547796,54.773498601437176,62.174714279899995,61.4058967923606,61.12099765000001,58.056341935592414,64.55615039091045,59.90912629073042,85.63582732799608,29.198361833017486,57.478797861872295,49.202116819928186,48.793724,1.0996432951501527
GSM989855,69.99940469029242,70.39071762409732,75.51048977740999,78.79184097461324,65.35321521,78.3515652550402,77.88758344920677,72.55042307949167,66.56302418873412,71.08967964982111,69.20673493525484,55.65575653358625,76.09988,1.315982015777826
GSM989856,68.99614983458608,66.91404951488227,80.79934974898998,71.31695276748472,63.464268409999995,64.83594764538645,63.87416355567291,70.40646245683698,75.15137275974797,52.30459455511402,55.507525214793624,58.997359937548275,70.52771,1.0615943451867644
GSM989857,74.79746869603883,69.72643986099939,82.21395161298999,82.58265731038455,68.45819103,66.11641956044862,71.72336177372243,73.12965310648549,75.0721557077315,59.818789741498904,67.97249340635429,61.5179409295203,70.02448,1.0117274715493103
GSM989858,79.30091218264266,85.62960866875899,87.359149236,75.27333885610744,103.15943482,80.21821144566104,110.92275635946785,78.58602819366317,94.00335392317822,68.46547458223893,91.6020488857766,79.33969500794052,69.80347,1.5594122138449231
GSM989859,73.62200293680246,71.33380844351312,80.40022702443001,79.92420974881512,61.13336176999999,70.9117887327674,74.34526011576774,71.06497710460397,70.18469576346001,60.810424922025106,59.66097358855322,65.13930435023062,71.22172,1.0263472715897528
GSM989860,71.64139714136623,64.55783581568106,77.74192301639,77.86030443674368,66.06627549000001,71.51324721169522,68.65338793382182,67.96721254178414,74.28204412284833,48.63086245785627,54.57388908242224,59.96164089182425,66.22033,1.1744425477421983
GSM989861,81.43074407935829,84.99372527246352,85.58467624717,78.62635950346704,72.11105696999999,64.38704295404584,77.94648423274437,77.14680193153397,99.67113512556062,35.22994946309083,57.827514335106684,75.05294910645804,76.86373,1.2542236814810788
GSM989862,56.66236204748611,55.281763565774156,60.85572929325999,59.74751099083761,60.71646668,51.76656459199049,53.66295616709517,51.351648601547524,64.905193581015,44.673331362968895,50.83410950944495,50.48323761255532,57.41091,0.8324048974071305
GSM989863,84.25897229086885,82.58857873020341,98.72823642413002,86.65930626009632,72.02393096,75.44907038179352,86.29365946609298,86.7472303259863,93.69520650246182,46.12243439297674,57.841218164412254,74.564660415411,99.44411,1.1032541342514577
GSM989864,77.15604018613861,76.81701213732967,86.46868102617,79.27012381304773,64.91577998,68.9618448292907,72.53175517757666,69.77203154206744,72.6726916697117,63.931980296449694,57.05448560790477,61.828494016441645,76.20159,1.0204485983325637
GSM989865,73.89230894690229,76.69558414952182,81.46993564026,84.05695875156964,74.28316963,74.62942216110346,78.45207092147936,73.41060503851276,74.37081848374436,76.08307839526543,57.55583752614967,63.35413151205949,79.47844,1.1319015282110985
GSM989866,72.57496341681207,74.28338616251934,79.91128763261,76.10088599437594,59.39487064000001,77.89406566794183,70.96205949682137,70.56339477219427,67.07041635481124,73.48632465065413,57.87544693364036,72.6937958413634,83.820694,0.932405637317161
GSM989867,78.52424242964929,81.10407207227692,85.42590693678002,82.08876126609552,65.15363836,79.73574430506243,85.44536991153674,73.36507935922307,74.5919091073581,62.29974147554975,58.43405624353869,63.316232643695365,84.437355,1.1279462397229507
GSM989868,74.16988271689206,72.61881034690518,81.15469805973,78.96808416736779,66.72218062,64.48762938894134,69.87700501787296,73.14945669396587,78.75452454562048,48.58672932776739,53.66812513394855,65.46858229386964,72.55732,0.9481430022402206
GSM989869,67.47319240447413,69.7602366351304,82.31229912663999,69.75635193596653,57.196455639999996,72.86781252995209,72.9147799953803,69.96989470886078,71.15849271355432,50.532598761746044,62.91813139218107,63.763646427814116,73.40407,1.0395600607927937
GSM989870,76.7823927885214,61.266303128192305,78.18197758465,67.60468893493317,70.57881155000001,76.10901673445909,73.52433062481742,63.81531572267879,65.24673654695619,61.40201833256057,56.83326942345151,53.79067290723102,71.46325,1.240629359123249
GSM989871,78.18757116078854,78.3192631972493,90.58030576968,80.8259087974864,70.45964552000001,74.99297555816474,83.88488502442488,73.79811281759805,69.05371809193952,68.65953763439893,55.98516828929681,66.54779977831652,83.67957,1.087815371453921
GSM989872,70.25427370549176,70.61104890259067,78.86352943703999,69.56851756290438,60.63751936999999,71.83397829649559,73.89075898572234,67.64705112276408,72.64701281821908,63.40834533779767,56.163929091768026,51.95247404962655,82.50623,1.071284007829434
GSM989873,76.85311901368212,77.7728182779631,86.52711770292004,86.94399155889361,67.23314834000001,75.44815118366623,79.28335347544069,83.2292412816963,90.78947567009834,63.622044909816736,61.80665043791623,64.36021063235785,76.584724,1.1349999476190433
GSM989874,63.01849681536124,62.3089139153346,68.04046581928,66.39907145466199,61.519638900000004,55.04162181003644,58.25971920048805,53.00991123226933,68.8060630872352,40.11670792534386,57.37386891845934,58.528045844456834,62.482853,1.1540440434105341
GSM989875,68.89983767264408,67.99052366670172,78.78070975611999,74.03875298347793,64.33675812999999,62.86059688044744,64.47544906619413,70.7078573271837,76.84696434861814,48.133674099158554,58.05364315177645,66.01571361030699,70.443985,0.8309278008995755
GSM989876,59.721456972971865,54.02001081688947,65.48117809599002,68.06911034647658,56.659025459999995,56.99922816237479,54.0969244869994,54.525971788787636,58.3225948190788,57.00739562855114,52.04394922077972,52.98338629672249,57.74309,1.0139951421854967
GSM989877,71.03450639484453,68.4288221613307,80.40502931207999,75.54135710318975,67.1430567,67.51543057262177,72.8047065639033,70.00492459502308,70.82810850756556,73.81127447556372,61.93737526379385,64.31898208271187,72.50544,1.0132645050378288
GSM989878,61.33496409235403,61.44713686426656,70.19574900411001,60.384523037138976,52.71128817,53.59197855633612,56.91810445248758,56.02576406558471,56.03153011417288,54.74142317224516,48.847132586067474,62.44636383585671,65.511284,1.0222651951917494
GSM989879,73.08869289140104,72.5113661820863,78.15342721542,68.95903862487651,56.34198670000001,62.725957496673516,69.89991108571965,79.82063747031584,78.38374171398488,55.28429644288758,53.36086178677497,71.81112704881212,84.70182,0.9759502906796351
GSM989880,60.527658664754405,56.91120695104578,63.87095695736001,56.805596921139376,57.28225888000001,58.82519577734271,55.83766366850488,51.313358248388234,67.32794634384055,43.6519126710121,56.97049818240834,58.55537532421754,54.70771,1.0152186388077917
GSM989881,65.81921950130453,71.50424865396951,79.43005516946002,76.20298360958816,57.44167341,67.90570142021231,69.65967840196946,69.96510898809453,66.91249375022858,70.10475153198274,52.651395296252964,51.39381734456928,69.142845,1.18726681595037
GSM989882,79.69155562179382,78.89852558981194,99.67795640008,87.60061271827168,57.86086514,76.54375546936247,81.56577915291054,79.94082081158216,81.82281106241862,79.06832219602052,55.05748838835578,81.83082759422496,90.12837,1.1524546078870557
GSM989883,65.4468597189731,64.12238750458567,70.48376762087001,63.17470743165524,64.30442515000001,64.76310195499758,64.6137769642581,59.97397316734678,66.15165469807602,55.84061766698878,54.933942951878464,63.81054485948007,57.511585,1.1341080586212549
GSM989884,76.02496369864465,74.35720131121126,78.18529845826001,82.33674017106704,75.36011641,75.21193229617317,70.1271830603007,79.67001679764446,82.90326644327354,63.028894343155685,57.66722007335068,64.95068197551137,74.26382,1.138487651430343
GSM989885,48.21196150444287,40.835626705203566,48.77277355934,46.029763810790975,49.52565496,33.83527952469778,36.70275145506677,40.748445286429984,57.88255063289364,29.027366696714267,46.23995242386408,54.76914995319941,43.814037,1.0029734998914916
GSM989886,57.44863099089746,51.905772007583856,59.31426363328,53.3890138822723,51.33232915000001,47.03816330431232,43.7916102791029,55.055811365677016,66.11113541032694,41.19859923891215,56.922387119671384,53.52482252874744,55.268406,0.8667875942330383
GSM989887,70.95908603585158,61.78928771150237,74.71366778595,72.97399306939842,63.00235953000001,62.712974316268415,65.26290853927424,63.26413787414583,72.94982127945252,39.29161854840174,51.09454404322909,65.75063172385643,69.99028,0.9773090477528359
GSM989888,76.6220012247382,75.9293916690213,84.78745212622,77.00465589165123,64.83681878,68.60904547401222,72.42464543133002,77.18028652366247,75.557373329965,62.92812866653111,58.26329041904496,67.30758907738442,74.17986,0.9755274297331351
GSM989889,57.44752853706921,52.73907501330392,66.44937252325,62.17048101278109,51.76447437,58.67610869483918,54.51739664650454,44.283828570529224,43.62645108910698,69.03475536319738,44.29416533971057,51.89854048399376,56.230515,1.2188175475495406
GSM989890,86.41070856463436,78.71150371629301,93.83647968606,89.52158089742804,84.7393539,91.1678526607202,91.7809313931055,76.98881884428862,87.14554354466748,45.63773366136817,72.03064834194689,60.7320340726204,81.6663,1.2379329828177856
GSM989891,66.49420837964873,69.16466100958718,76.96067546577001,61.346168520775166,62.862818270000005,52.53131426561691,65.69467855796688,64.37712843620378,75.22599489762183,45.06143445830088,55.40561098241791,66.26018379797108,66.534546,1.2783301856422904
GSM989892,62.64330700438122,61.35003672015946,67.92235267790001,67.12144506916204,56.69518747000001,49.271446738411214,57.09064069774277,62.040415780073715,54.366572154870084,63.81615137907775,55.466075546541404,56.7881440616298,61.90864,0.8815619960180061
GSM989893,73.8257649052684,74.12526492029635,79.08515846515999,76.63459542521758,67.45059497,70.23024818182027,74.92134938668858,74.83021313933551,81.91206044297411,54.3284378142782,60.50183256669856,64.6732109502058,70.79742,1.1008757689780022
GSM989894,63.3639025908571,65.31713863260424,74.18162692441999,66.5656414657989,62.87981185000001,63.254224686939466,67.73392786660179,60.49421014281782,71.43010403936489,44.15020572599434,53.29306857686775,60.65081533889391,67.16438,1.2527432670566554
GSM989895,69.88361037901993,63.01349872876598,69.23577388075003,66.37235517485755,66.24590606000001,66.03068108953306,66.02483640202873,59.12393091474901,70.6069555017229,30.03127630399129,60.091179993370545,61.29182852839711,65.93858,1.1857355065714723
GSM989896,50.499640493967874,52.670113139207864,60.26356476066,46.11683698149488,52.23785732000001,41.53481651591593,47.743119652343196,46.929086465489405,49.97188057475046,62.00346050469966,38.71361386635759,57.76821744140515,56.558876,1.1060962768940252
GSM989897,69.02418455672455,65.07931256952773,71.49753427101001,61.63798355900907,65.63211543,57.843690707773675,59.08900167217317,64.96698183418522,72.07285607226771,48.61271225575737,60.89967238867223,59.485204124040685,58.881226,1.1252029881457943
GSM989898,74.07634000662676,66.86180644452223,80.78184432472001,74.8829860209137,64.99010405000001,71.02933784493845,71.44766983423472,67.41006892690221,76.63130813308624,59.960651470760865,62.010891109174835,65.29078571832054,69.87403,1.233190897862666
GSM989899,67.49729687695341,65.33328504139924,75.56566737591001,72.96594862374214,65.17648759000001,68.14601271037601,72.1632613483313,66.65325715818867,67.05289965840342,54.08691440219144,59.86104934054151,62.59459838618415,68.08866,1.2103442307615853
GSM989900,74.80615749212389,79.2417740074003,85.70494709995,80.14317061002167,72.10604216000002,77.85011247867288,85.10346465334604,77.31254974969914,77.27600247781766,64.83367416047074,61.59542562786357,65.63515997222186,74.95075,1.1116223953696656
GSM989901,74.68042965320734,66.29939148217233,87.33311993398003,80.96449500648318,74.58181786,73.76982695117283,90.54421561527143,68.70871234060454,81.91786397217408,52.76079960672104,64.02368652001711,77.12562932559126,75.15513,1.3808992381355496
GSM989902,72.65996512199274,74.91722856389586,87.27368685453999,81.08224791255465,71.35946393999998,80.48107464837378,78.83012915349266,69.1392060181192,82.51913494412645,55.69795839599817,57.01858751613527,59.080381867944745,81.49735,0.9720506475298574
GSM989903,65.67944439569672,63.00887458466108,69.92661096778001,72.51093160970517,68.02037224,66.53006458407805,68.12998547430144,66.13954559078917,85.86084165173634,36.804672280880226,54.6678923122139,63.72844191564284,65.434235,1.0012141828748777
GSM989904,79.2061292051005,74.5400308525726,88.58306388472997,88.75277943613284,71.92909277,81.10672883516217,81.63176889914833,85.98872772969526,92.60690178122292,52.38755137328735,63.45410963062016,63.437915056257246,85.871635,1.1741597321627455
GSM989905,75.66222859509902,74.92523599037054,80.32772499673,75.50969279096616,60.14111756,73.03591889473145,73.32859919271141,73.65655212333604,69.87638745141476,63.69438073049557,59.95820249710915,66.49712330146414,68.95745,1.3191356012244748
GSM989906,59.445429666511586,59.69609000002949,65.49291368831999,60.49177646422189,58.462825179999996,58.34453885935197,61.95824537045894,59.74977671211365,64.21574098898247,53.64599797298166,49.24147478753892,47.01757296336306,60.004047,1.1303408169779692
GSM989907,73.32038931396349,69.40868262588435,79.50710757797,79.03909923523531,61.37600655,69.42413645589014,68.78558981353909,68.9940699295284,73.23755842705106,53.8546141840647,60.57496275605364,57.19896961321928,75.79911,1.0598194635672986
GSM989908,68.99917657389574,64.29363807782272,71.53183989868002,65.20273016446728,60.97435808,60.082180711414736,58.8029039137824,63.12214618149637,69.30282428431963,51.374533563042036,54.93077814644608,58.38921832416808,72.22025,1.0311766914051417
GSM989909,65.10168559116916,60.803915169607606,71.34929431367,70.60927660952152,62.44634577000001,57.158784353607494,58.01690686588158,56.476053962496266,66.1959991736116,48.84553177883993,58.89548252139871,61.06432097575499,70.99862,0.9199858310940936
GSM989910,79.40594843951467,82.60558568104113,90.26523224583,80.79137807954133,67.94069196,72.56328226681885,80.08841240445369,78.3974387165382,83.09950510712139,57.601123913894014,59.22910458654286,67.27121390466286,83.349495,0.9249661968172458
GSM989911,78.60061216018252,77.04939396672118,88.18739302591,92.35247573116423,66.23418735000001,78.69088773790313,82.02706953760674,73.87202966705556,75.16872009329006,62.89056793984801,59.22289882013642,64.58123452938366,85.08274,1.2997798888195864
GSM989912,60.46718789354856,62.81761195804486,67.68250133555999,58.385465256710425,57.75464259,51.124499127185466,56.93696327865843,63.19468274180063,67.01155692083262,42.282058684965676,55.08866313124655,55.770229024112986,57.26718,0.875300923216527
GSM989913,70.51998658196145,72.34241811671676,83.14544960274,74.1001931379211,63.68754563999999,65.76730943896177,69.86805407682425,67.91495744809217,72.92003602859319,51.445915830668184,56.00679463055468,59.54914127167583,70.54754,1.0811947173993564
GSM989914,66.07122552522861,70.23205823646404,74.838999954,77.11570041006796,58.88776414,60.372998800452386,65.64604328405063,68.87549795168121,77.90306855286411,53.74973171109747,56.06635594052209,64.91359547008975,74.34479,1.0678286294324206
GSM989915,77.00477831443018,75.13756549459136,85.18595335200999,79.87858354341536,70.01864244000001,71.21693364113322,79.93889047869831,68.62700708720942,74.16038623337232,52.56178985486409,65.82259419326296,64.14311512444078,78.24819,1.2160406659928953
GSM989916,74.58800076574713,72.82483247518215,75.68901070009,71.5173643430109,67.27009473000001,68.29340059973137,75.30154857345998,66.97499939355167,78.64625124164729,46.527290318400105,58.563115973650426,62.027767886840216,69.833916,1.1384499466447777
GSM989917,49.9471342064579,50.74950555028148,58.88026123587004,48.2036860967352,50.23371195000001,42.24661556812195,48.43133828680833,51.17606309951266,46.484933610342125,54.84641463177502,51.575592335369194,57.491180655272835,51.06925,1.0863645687090588
GSM989918,67.80081211821324,65.94010298182135,76.16027783771001,72.65325458504138,59.56367146,70.47247789796602,65.79009552408607,64.33606476394435,67.99126323422752,61.38534770395944,55.35672627548439,61.21447919179379,67.36996,1.1783740067013466
GSM989919,64.62192793075046,64.9021990857743,73.78591677982999,71.86191495506294,61.20852938,68.46963326524865,68.45059154012273,64.91246109127992,64.54205381261124,58.725806349768135,51.18895996531012,53.657850405540835,63.60603,1.0665036137403572
GSM989920,68.66019361556985,68.96821266387843,75.14229628142999,73.40140511293355,63.57408545,75.943924343461,75.33874335493326,63.4357671049054,64.85664253495975,62.10892810443204,55.46838870648331,59.86828399627847,64.70185,1.227490940789357
GSM989921,76.46575694788888,72.73214739296739,85.13837670067001,78.72371029467975,65.43273207,62.17475401509566,74.68915034891734,64.9143118682803,65.21971402520245,65.50013492530667,57.707723683924435,62.50299046359604,83.19022,1.0440154657330982
GSM989922,71.32311823821261,69.12794557981252,83.94406365775,76.9435474595,65.26910053,67.13471555738786,79.80392211606858,63.561170239709924,65.18166457575148,58.899237811712,57.64472740008124,57.55878540091384,72.548256,1.258132195954924
GSM989923,95.23387185711633,69.6183400840685,92.36985335474,83.95085765879026,71.41136978,76.79461885347808,88.08784190608783,91.60281522941712,76.14819617408182,98.438916357334,78.18297214750517,81.63231159179603,83.7069,1.555631698686169
GSM989924,59.228438041721546,55.77503701368898,64.74665739963001,62.72412301817455,56.96913105,47.43293258388002,57.7589117216553,53.01235686550867,58.52089488679593,48.382017375068415,50.225665128607616,52.39767574199086,60.59405,0.8832453079764917
GSM989925,57.722683507536395,63.12319818557312,72.61468870584001,60.14478491464822,57.061496250000005,56.52782464702327,63.07106900831799,61.35225016565174,58.742868916528494,59.48816214240321,48.833143299090636,54.35949050688745,68.309204,0.9715807838887693
GSM989926,64.82198368607087,64.013034892895,74.76200073617,67.53294784163384,64.24505349,61.67240812452334,70.70907385371156,58.71263548139958,62.72932475949165,52.665833659255895,49.0687783205923,54.71719137216805,62.0995,0.9876104374367753
GSM989927,66.61107924363857,67.85026951432607,76.58878949355,73.99831309253567,62.77362289999999,69.14087418160612,75.02075296855571,67.83954891820936,63.14885042063935,72.34562380183951,52.44087702649507,58.357551391372276,67.26674,1.3223582014118405
GSM989928,79.17048299798833,74.03291319741541,85.95393952182,79.8041936954621,62.3287673,77.51204812255884,77.09890742504025,74.83014314662044,80.22616178540892,58.22595184346301,60.98514514032023,72.3144429588842,81.026924,1.2388885934024196
GSM989929,73.27421152438319,72.18354603353671,87.11281150794,84.30508523287142,67.43771660000002,79.1286647092429,83.88910283858986,68.60657770197855,87.89373352289226,51.27797188612848,59.69306439412531,63.25557240146758,73.82288,1.2450363320794091
GSM989930,51.68577210013844,51.656816765068186,58.92310106000001,50.19071479125543,58.03820305000001,47.480430026934044,53.147320516614606,47.42727852540635,56.86143340289158,42.93249397487972,52.617187429827254,46.12006235514375,47.900745,1.029626016578237
GSM989931,69.54837519760446,63.519435536432724,71.93286819199001,69.79909854613311,61.370363260000005,66.06509806360944,68.97479854557943,59.096397793224824,58.69336405771247,60.31552906355574,54.152361099512746,55.84240919580716,63.464443,1.1435874727320048
GSM989932,73.65657825601684,68.12785845756707,78.44795064413002,73.81368065474962,71.95806268000001,79.17307115936998,77.12076724240376,74.86372929898485,75.20903593638866,64.88442175503963,63.084001449065724,62.886573933225314,66.04398,1.3470455343745475
GSM989933,83.95239243821506,74.82661559823597,85.34184055666,86.99426889422585,64.96625548,70.38772074174075,72.47294495806906,74.8930642548635,70.71174355371329,76.77766082720868,60.844803399279684,69.94104952363347,73.83401,0.9324604099264124
GSM989934,75.18824744302634,73.90493993306326,84.23730177149001,71.71127313366868,71.40280379,65.44986282731566,78.69902203084291,74.83619772852381,79.4928394200478,58.07439908830054,62.873483022140746,57.76977022562672,75.25281,1.0597452412886703
GSM989935,54.57577744017419,51.70908780373456,58.084664312550004,53.43476196762019,50.70374737,44.51718695489596,56.652321118526345,50.509473344281,54.98332428707636,48.09940656339407,50.461650709915375,47.118317235054654,51.491905,0.9690340991113162
GSM989936,53.110664996657675,54.474010515224066,61.353076601920016,57.16288749075147,55.341571550000005,48.98517971897336,53.109826685766066,51.72049800468485,44.485063843479224,57.85580787662201,49.501948559672904,51.41457040606692,57.760685,1.0831207952029107
GSM989937,57.05283047772723,56.2200785191649,64.76751963126,60.62614314382254,56.52448012000001,58.053504321083025,59.73986524873477,57.79876961144481,49.82492109845418,65.76967006224785,46.8282568884671,46.80107033956531,59.89421,1.3472457985954502
GSM989938,59.72310300300414,59.87319029212127,65.62745378611001,65.17376882832177,59.8074267,55.85054115726289,59.719454185085034,53.818163829370256,62.48649623437075,44.55328846529454,51.71781347993776,52.045346667714675,58.693485,1.0104533975324697
GSM989939,66.6129878030103,63.51753938763579,72.70673479047,65.87633530185802,60.037973300000004,51.94403313238455,69.84663207280829,59.539371627924524,64.00947748246955,60.112598209229844,50.206842380275205,48.08698780093972,62.261547,1.0741541280798874
GSM989940,52.724896858065435,49.439016418227,58.91884466569,50.74666717083473,56.58962441,36.87035564856802,45.543093943502534,44.15101523692902,52.70550435996938,29.197756375120946,45.54495117953873,43.9893858198134,47.449764,0.8781618106107127
GSM989941,73.55218801666224,67.17481810893196,74.70952396834998,67.78441800290003,69.26940193,64.9770987080327,67.5277728289946,66.80136634257121,68.4408579526455,72.89225231843665,54.48914217130443,68.46431940153047,68.66137,1.072233157243295
GSM989942,70.93810972570473,70.972898233791,79.45231681756002,72.7238445756733,61.655882590000004,66.21855171341613,72.3201093461841,72.74772179299848,71.98175774427585,64.1827263709825,55.769421573342555,62.21030094184392,73.62058,1.0705174810825604
GSM989943,58.277834176120855,58.38649923984033,66.18157310183,62.43356264769637,51.62109437000001,52.84196171851286,58.2195552077567,46.26575541115375,52.30864304681404,58.23940200569439,49.94905915499489,47.248947661932085,60.06005,1.0380609702605765
GSM989944,70.27324435292012,68.59301294687086,77.27296612891,73.16777639013813,67.40957304,67.04805147575391,70.22136239048866,69.22411031821308,65.21228870711082,65.30200438638835,51.97280732645631,56.052781949153946,70.04371,1.0981030837412624
GSM989945,59.12211997717981,56.88621744610541,62.70766235429002,58.979649558926056,58.72783951,56.102450664523666,55.56511163818205,56.36909721809986,52.99981061953366,59.72319359986574,47.10315574521628,49.75189192142191,55.886745,0.9873749000946797
GSM989946,57.586607438920524,58.35823008984409,65.18383383488998,56.9905004143891,57.09746998000001,51.46448662169634,59.40298811533032,57.51769181401153,64.37335659785236,47.55858083435362,53.852308331171116,51.507302673291015,55.19013,1.035261532086321
GSM989947,57.71782551104295,52.353547817219685,62.64207507300999,55.84085097988244,59.16063795,50.33610905907105,52.281955806150926,47.43923243458833,48.03164777120719,53.782053261382174,51.22094851162434,52.318777832090255,50.201508,1.0018044219397697
GSM989948,46.1623915780426,42.171022563448965,54.872641418689994,47.428350026071925,56.28978132,41.54851234655057,52.569879386401844,48.07644242255365,54.160691839662604,46.49907285138562,44.61147569305039,38.08552049995182,45.751835,1.205645188802587
GSM989949,65.56892286002673,63.855671907022334,71.80407890525998,65.01182451286309,65.85570175000001,64.53828675654208,75.18912841001924,59.89936129681979,70.26184995329294,46.46470126942643,56.16613520622261,50.77497303955601,63.559498,1.1498928143826663
GSM989950,63.64885141250676,65.28988611667847,75.61518549783999,74.39983175822867,63.661192220000004,66.11848931149844,74.7271046209576,67.96042301772904,66.7449093118637,59.71139216275233,53.08944731290825,58.786139124357284,61.214863,1.3205414541824403
GSM989951,72.23022076630143,72.47345362067367,81.22068369423,74.17540073959408,63.96356986000001,70.00419390947151,77.22780826093481,78.38355895930312,72.7050004629454,67.21778396735513,52.426809948641775,60.93463860069789,76.71389,1.018753130592789
GSM989952,62.601842847689035,61.28021069016396,73.99340545107002,62.25238360427306,64.46222093,60.639623774708404,74.07155741379256,59.97333764053167,62.30582632245785,52.776190706525796,52.939409723944834,50.54048731325327,60.074703,1.3547392952437387
GSM989953,70.23508837189334,70.11089708085349,80.22134045413,75.90250085709133,62.46998084,77.11112172157274,71.00209513411903,71.22979727897822,70.07098736163721,58.0554291365529,55.08469004952363,63.93723911745193,68.38616,1.0655982544911473
GSM989954,69.40602253586019,69.83915370508704,77.7800909326,68.92735971432214,60.69338453,70.03800416773035,78.7274428360458,69.96842300949587,72.04836045011916,51.21156641007329,52.49410206104771,64.93627522463362,70.494484,1.1470537325682402
GSM989955,55.57817384591296,49.26959969847391,61.63119251700999,59.93339130256921,59.505030500000004,47.365435487949746,56.738295569414646,52.49696625650208,54.33121579393588,49.63478502127998,54.30501005262694,45.80563353590819,50.295345,1.0683176314030098
GSM989956,80.8289480208883,75.88969338327487,84.48576119397,85.4047383969334,65.75932423,70.91381081264049,73.62369714931079,69.34505516211081,67.2594842340676,71.45258212517746,56.729589451667465,62.27631857647611,76.27502,1.134007513875933
GSM989957,75.56004232717187,70.06091120111847,86.52040455816999,80.60655282900025,69.77264216,79.36885794213477,72.32578743381461,73.65637406069169,76.00860864136888,48.84604180145894,64.66997124656035,61.30675833700334,68.02578,0.8864998695001356
GSM989958,58.089011809022246,51.94908459795103,61.682759197150006,59.426998004966855,62.23854783,57.374160967077174,61.37516183178819,56.028116653817854,59.77054054670862,54.80644809955953,46.59582983088228,45.8881946346579,57.918987,1.0894667968037148
GSM989959,59.9864161516788,64.82084443244625,71.35349016929,65.39145463912273,59.458998629999996,57.570774720395555,66.64337134064559,63.675802622113125,51.60388638071504,77.1152774115956,52.86650196196628,52.61956119462641,64.90696,1.1666047104620298
GSM989960,71.8055257251745,68.24158146687208,74.00725884840999,77.19499629106659,66.43249917,69.14191556296879,72.57189747692607,67.46754345181283,70.94370632809421,52.23867719451772,64.92396533205884,62.20603898153018,72.85943,1.1019648117189793
GSM989961,67.52899359772358,53.649508383233425,65.80187443893998,66.09340330847336,65.98875002,61.71329057861721,63.1141628318708,53.83884177937418,73.5925375499844,41.4947125586894,64.29436014126311,50.51716454317798,57.634624,1.2088383442158703
GSM989962,63.590212367961456,60.175576668960296,68.74848028037998,64.93987476300491,59.071974600000004,49.44584570787386,60.56037325147407,55.370237866056286,62.20919822074876,53.55742033112071,54.977058221207955,56.0330574261747,58.50669,1.0390812880534384
GSM989963,64.96762432367379,61.091322223061056,68.82739035960999,67.08938992835878,56.571915700000005,49.217275200731265,59.69051228356276,59.63972626984676,51.008248511792544,63.30346880708129,47.64851452418865,53.978393209141196,62.54237,1.0386339011720698
GSM989964,70.58937589079817,66.7106193026807,75.37221150732998,77.26513550722251,63.45898616,65.12629058990451,74.14836685660686,67.8970344123868,68.59273129242854,57.60272815487917,51.248901947512515,60.54576894466435,72.582146,1.0774843797218554
GSM989965,49.95173397945594,46.42145267992896,55.5606276963,47.663740089004534,52.43350719,41.87111892335477,48.5786630942157,49.15156874716172,54.100354599783145,44.43066253599929,48.97730985350709,45.486095955549736,49.04629,1.0641283473588614
GSM989966,55.17585828125158,53.05098853493993,54.620730210270004,55.16530836873321,58.161140020000005,51.45387868825006,51.74758258799147,51.676203586193225,64.11993797840455,44.16455015153076,48.4458876983157,48.320122878140786,51.89166,1.0758513816614346
GSM989967,69.61524780124114,66.42545152983178,84.42295999173997,76.7822867728273,60.316599010000004,59.092026634703316,69.77379133832261,70.01810461697187,77.25698515528262,42.823993507767796,67.95245811604438,61.0840708973653,72.839066,1.2186408478937063
GSM989968,56.9596375927779,52.22414929572232,62.44373416875001,55.477027411692,55.31070623,40.96946621111945,51.34246326830548,50.64478409197504,60.014176502621126,41.502421865882525,49.64575257837268,50.63388958580422,50.040955,0.8466149855834957
GSM989969,77.06461897683367,69.10524303249413,86.27326051426002,83.3591324339372,69.77874999000001,80.70906973453081,83.91833066944778,73.48424634302074,81.21498236417972,55.165287622496805,65.82681878008472,63.233252671471114,77.41772,1.1788766798955854
GSM989970,67.73701345963707,66.11668047947899,74.19739281038001,64.38974830694649,64.88753593,68.4416583422337,69.10457578350335,61.442997611312904,70.0151987776701,57.27821191769203,55.73070585121776,61.296416168632454,65.32661,1.0204715544604088
GSM989971,62.07774981375683,58.34587130812149,69.25581432286002,65.19435231780966,56.58600839,56.954158117123725,61.119443061432655,57.4824391255958,67.1055813773894,50.64879530963361,48.81791685553435,56.34154334906059,62.03384,1.148259721577808
GSM989972,56.301348420748106,55.70951439972333,64.11913246527001,58.22936813753992,61.95015029,50.02575880389957,51.370422795059206,56.110749002371904,60.963156777815584,52.145876980389176,50.48286638172972,52.257746518220124,51.756657,0.9355550723657164
GSM989973,57.58391718515448,59.52133759512889,73.91843542566,62.99496948503114,55.386719930000005,59.130318190870305,62.8615853989719,63.72514778882426,65.82369324113836,51.69014319863621,55.512699482366415,55.88223040183657,60.945232,1.0169808467016355
GSM989974,67.8835751250464,67.16441696867807,73.34521813186998,62.787152696632376,63.981097010000006,63.21241395792783,69.78387746464139,61.94946750898434,67.24502437980391,48.10798392773228,52.612123571099005,53.568174595136774,64.020485,1.0409752197424256
GSM989975,42.51257260851188,43.218712841948,50.72339218715,44.13339694134578,52.20986707,40.492220494816095,42.66088810233741,40.58646967752557,42.05043521452683,43.24104633709132,42.61114527050982,40.71313421257745,47.515327,1.1210600584949169
GSM989976,52.12618376981527,47.76849767873307,57.45884813539998,52.918831401231024,58.756431420000006,53.53321687892409,59.73310397941554,47.990218995998916,51.62359068645492,48.81608978175683,46.60699585895142,41.70822986231553,45.992523,1.2331278597207613
GSM989977,53.60856045069257,51.614277494071395,59.992055945020006,58.2667460756965,54.19149513000001,47.05939168491139,51.76372491099596,52.16071989996311,48.62435759599401,51.64708375921552,48.544754368598625,47.723475551241044,54.303288,1.1745383700190701
GSM989978,57.18865606243533,56.15900085629393,62.484163522459994,57.90034927847939,57.693486379999996,47.96155680931194,55.201993286227484,52.29019485990459,53.778356319601016,45.22251436770989,55.725641230789435,50.28468839759356,54.730404,0.9296945950863535
GSM989979,59.18489951338316,58.72829699245181,69.35037975176,63.07162582672664,65.38420149000001,53.560600541914766,60.32252178291315,56.082928564530675,56.2850281813549,55.51443205872556,55.3115310604484,54.11837204222606,59.029976,1.2114839131672932
GSM989980,41.0664338146381,37.172828735020786,45.83271011417,37.920585842019825,49.92006546,37.69112615373777,48.90562602624105,29.350749746432157,33.444342945994435,39.89222345926126,40.142400055558085,37.758478873839316,37.056255,1.1874419366085995
GSM989981,59.90139279902389,58.345055776366166,69.46901720444,66.82984956868603,60.66412241000001,53.196939491101645,57.16327895013652,61.12581666936565,68.76716980391063,47.19372472086576,52.211452105278696,51.32454998700009,59.77042,0.9762890447558203
GSM989982,51.269255362053386,52.399898931661184,57.42276483576998,55.0352163428283,53.87695017000001,50.60379330154222,51.33790061759717,48.529792913517056,55.011327897109936,44.269207776220554,44.584142351227676,47.108892390078914,53.41461,0.8648230252624645
GSM989983,41.88145616431913,34.44232681145118,40.06284656095,39.75645102846872,48.46533008,24.84224589518891,23.04227108577411,34.20381912276504,28.49072689552446,47.047136943535065,37.90958647327398,42.65317845592694,41.113865,0.7446341590384382
GSM989984,56.34654316905233,52.03578511366193,62.047176914590004,54.19124937163112,55.07449653,47.6143243541498,52.26942418906603,51.12980440966414,61.83116634672257,44.10103844923674,49.63592126481238,51.546830876365355,48.058285,1.130447483557426
GSM989985,63.136068429190516,60.595353252692625,67.94604808293998,65.97766108934847,65.65445701,61.441279522211886,61.052037538122136,65.66765456169848,64.24631126955529,65.0060257349119,54.61939970728479,55.33653891709148,55.023205,1.2310392031873156
GSM989986,59.229911455925446,61.01777525517419,69.02844518033001,65.00038036717356,63.244372479999996,55.11173370588098,65.48588562239553,55.33369234211645,70.60107446846297,43.81101125771983,55.42707798748637,53.71484559175398,58.36697,1.1644682150699617
GSM989987,33.60826679023663,30.176526531999514,41.86650054001,36.9849851754703,47.13625003000001,31.566073460889186,29.126031404258914,33.93511284762879,49.34049132900253,26.24766956887487,45.44516744526793,40.13837947611889,34.63007,0.9746487736660874
GSM989988,75.28363527623611,72.7854755787452,81.10511364854997,71.87883132909943,66.48993368000001,74.24331422659074,73.79973205632879,74.55322432643075,87.06094777681204,51.75347346560301,61.228952648600156,61.36671649163765,54.49602,1.294614128117219
GSM989989,65.03249270711311,64.00688885607535,70.71337143666999,61.97228699075352,62.32329996000001,59.08749897518276,58.33951874189327,59.23700285411739,71.50361433314623,52.018646464226606,63.239209137869786,57.80441121477367,62.176258,0.9850511105082753
GSM989990,53.3692057326483,55.407987938903055,65.50881629989999,58.80121133889009,63.26055352,49.97543857612271,57.83045204587488,58.31723809208148,64.46720133966403,48.480767842158855,50.19561592415333,46.35771047750395,56.260105,0.671353785890578
GSM989991,52.45811268057742,50.69684304841116,61.74215554496,53.01151997448103,52.539670619999995,37.382566955671514,43.24163885435284,51.24285347235027,49.389717533584815,51.58812974366046,45.01726550668657,45.76087092682706,52.244717,0.9266059294487166
GSM989992,34.46853774796584,29.129741567013248,36.92623594776001,34.05332889810134,41.52119867,26.812378139406306,24.388701700621706,30.050357547205444,32.009580428567574,36.40502898779704,42.20662756401903,46.886911432968226,33.588963,0.9614258832929612
GSM989993,51.61663527819209,49.74923792222705,53.86175639547999,50.64820631569497,58.88514202,43.66115897659947,45.038035395249594,50.14668942121493,51.94319397025282,51.226193282205145,44.44545398517286,44.238623618241384,47.826187,0.9629265043271729
GSM989994,47.7765670709055,49.91480526134178,53.112304149820005,55.128623399702214,51.913236170000005,46.197835406827174,41.812776402375675,50.066225473757925,50.07697314966174,56.166872175463936,44.9824939163128,45.704786828500836,49.005863,0.8649205771797062
GSM989995,50.821899422363856,45.63964434172247,58.777842560809994,53.84196013585659,57.16841422,45.89115058666015,48.12115603734729,52.96268826994637,55.81145682341213,52.750398572588836,47.71658815717846,46.701300658737274,49.09618,1.0112113886642518
GSM989996,36.471728001060626,31.803054262808885,38.67908289398,38.40119369925189,44.632894330000006,26.629093451951263,30.819906529168268,32.445039889628426,42.010601751027934,28.903423617140618,40.2190546123768,48.01405032087896,36.129635,1.0831108795388749
GSM989997,38.34138537475173,37.30380121475817,51.52409022761999,39.951008698871426,52.14453153,33.36438257030646,38.45143040661013,37.84911258762196,41.045104285183186,40.878767479934766,41.841273900677706,40.05516526396092,39.17773,0.9194926045069365
GSM989998,39.709422696892005,37.22809349195281,45.97336874753,33.055475200898094,46.859439710000004,32.312158714170224,34.59341463623805,38.457405196261426,42.67128430267644,45.73762900507711,35.01835169317597,41.44965952067266,38.237423,1.0350061827914456
GSM989999,54.27591219065296,46.532544231797104,53.95668284372999,55.73797832259505,57.221380980000006,44.32090857808264,46.626317440530464,43.56247916471984,47.9305126844323,50.877226862919656,46.990168218569636,45.82470327010183,53.372883,0.8825567981589932
GSM990000,81.00764555302825,75.61777276891468,86.37302686799998,83.78564632008528,65.8076095,67.08877119420049,76.01063723260094,70.55134085733961,76.99930044667133,56.168657272863584,58.50840169903611,71.1263497517146,77.8131,0.9599440017289509
GSM990001,82.85850496808122,81.61385572356991,85.54312564154,79.19363365925922,61.60371957000001,70.70676883387661,74.56800014987931,71.36205367806824,56.278649175630164,76.10053534009717,53.868627702318435,64.52107532627858,86.61639,0.9459434319335576
GSM990002,66.19083674434535,65.07546162145694,70.44861078508002,67.90666986341571,61.64535265000001,57.014263794889885,59.469638926389614,62.78015087023831,59.92075470363079,59.542513113052166,48.132922798494306,60.28771683715775,66.333336,1.0227119300621006
GSM990003,64.84367246474393,63.37247297413764,73.55347007722001,68.07071502195463,60.12848633,61.89129167743477,62.53329603317077,66.67042480122103,62.80443172802734,53.61113027158717,55.54979906734681,57.1918687520077,62.479633,1.0674401688626063
GSM990004,66.27822958055692,62.94228479744656,72.28117892462,69.75084952109819,55.943672170000006,61.22978549132119,61.21518483373193,60.04804116601621,58.42111175461008,57.81884195286253,47.01640218641466,60.67737604450108,65.32456,1.100537875373647
GSM990005,80.03498881550499,76.31446449036237,85.07291497325,78.22530422407935,62.19746714,69.02549564385929,70.37126036873535,77.71131701241941,78.49293151169968,57.17956863059169,70.5144691751015,75.55119489949212,78.80668,1.0766887712500044
GSM990006,72.77548334091814,71.3820737125842,80.97356061593,80.37876147631574,61.62076693,66.52103883693246,69.28343448152064,70.58977117300608,57.19791728636824,76.85481970962803,52.508086131177876,59.36548066490682,76.52119,0.8814217799704869
GSM990007,68.86647278451916,65.69841955143937,71.32895561033001,70.24353329838972,63.10466979,53.95230926656153,55.94242309043548,58.90725571983418,62.64681300462274,59.77008592489767,51.94483386779645,60.629651580516104,66.05801,0.8390958483595363
GSM990008,66.72715234423296,65.67924116765317,76.12822173053999,64.56634917026531,57.789871700000006,62.1471648100994,58.983721538833024,61.71250739929154,57.77640603156402,60.1800980186884,51.72273259437686,56.596790965198615,64.52306,0.9711671333596503
GSM990009,61.487601400003555,57.42922556296097,66.37274558033998,60.561862400794396,54.371779909999994,50.304439896395365,44.592202023617475,57.13435263904484,53.9109262621958,53.45209248620722,52.40972293779332,55.08682615593599,58.812656,0.8331537316705195
GSM990010,74.41107486318054,70.51699304721795,81.06627366657001,75.34391496475769,63.353753170000005,69.13027559407816,69.53684040085851,72.13576281609295,69.83554323550169,69.85458049425793,63.83026096742205,62.08240731534914,72.97859,1.0544591522322868
GSM990011,64.58305961325692,60.452834135427516,66.93087589336001,69.57407158231746,57.213281480000006,52.79592215078062,57.48807425868293,52.81933415411653,59.12857993215664,52.63313974305893,53.65533166736073,59.132551894278954,57.48421,1.2107615186393623
GSM990012,67.41363888347823,67.19848825272148,70.39361064355,67.39386325375119,57.16436361999999,57.154920803464044,65.50325654484799,59.97367907399919,52.86851353360021,63.565815222756925,51.45316806472832,53.06974689600889,67.09697,1.0076392973945714
GSM990013,69.58501785212243,68.83656320367828,72.18888785086999,69.01138733712294,56.232340609999994,59.43546848905904,64.03794044473226,65.47131269097557,60.15391334289552,59.90649720459618,54.5427833842231,67.25984826137585,68.418495,0.9957968373147636
GSM990014,65.22878820155977,62.8464297507362,69.88860461128,71.43665472672042,59.794448540000005,50.659045555071444,63.504695189313836,60.914382593606874,61.09892513994561,63.06440555466108,55.3337377597617,55.64744268748077,65.36274,1.142622957189841
GSM990015,76.72029504686247,73.79616869287827,78.23875013682999,80.44931269090077,63.660659470000006,70.13300801051915,63.822602549995665,73.87564909921288,73.44449497486147,62.78483463431894,60.94288218242165,77.94172337675019,72.13807,0.9488102187286753
GSM990016,69.1770735726115,65.81884520282284,81.17061405041001,71.0630560376925,63.552853720000016,59.208739394891744,63.041694134986805,65.40887768623614,69.77070661369487,57.292480412067505,57.3393398233421,60.13932624567942,68.95745,1.1646327487149906
GSM990017,72.87853245969023,72.97019963710481,82.83628740253002,81.64824725776101,61.08930256,64.83833833925758,72.0384427807916,69.30258629435798,81.55591608085564,52.1303254621817,59.19356019780456,57.6306050234709,75.12812,0.9384958340502401
GSM990018,78.31356106275928,80.98598879524233,89.08728585022,83.3774311492247,67.86324839000001,78.2117466162988,84.72943301114432,81.3353905798262,79.33263676255012,65.96104597513266,65.48122529521885,62.6343732898623,79.169945,1.0547559318437632
GSM990019,67.56833936953049,61.77240558560948,67.4549151708,75.52637170674134,63.292886599999996,57.816269667085834,57.88380707568312,60.559205600736604,66.70438075287069,47.69769570421724,60.54374156988801,55.843981011764306,63.556385,1.0293839263050288
GSM990020,83.32685247353352,81.471336712907,96.0936176556,85.09742177434954,62.69968587,90.66819039840868,88.60093067110986,84.067343546515,79.66093273322554,74.01738371960906,59.64883183006668,70.38756136269691,87.675514,1.0096609224487518
GSM990021,76.16375574844967,74.86800523008881,83.89558552540998,77.81813771192232,64.91558408,71.15695529588412,72.35585222096816,73.73665844400195,75.99297924253722,66.16169015061635,58.91770851860973,67.1467550090874,73.92829,1.027386770107831
GSM990022,71.52398826154277,63.532054609513835,74.72292994681999,72.66479622097268,61.574546649999995,57.69801400552487,60.32404127825029,65.02231964996788,77.0860970287614,46.958205585641906,58.76692323217901,71.28635420230577,70.41181,0.971411572278055
GSM990023,77.033141072147,72.5411634834119,87.04282547624001,85.8196855424123,64.04995303000001,76.52671097832413,70.20539404074327,74.94958887166952,77.80218773875777,60.157568083,62.93691885296345,65.49733028987126,80.19189,1.1931433983181592
GSM990024,68.02798093754181,69.33409568708964,73.99617650859001,68.48302125901478,56.93472201000001,61.21675746180496,62.27592208533862,66.15098595172319,64.08396822539606,63.69606578063488,53.28580744916174,58.67219797627087,69.64185,0.9945732336095947
GSM990025,60.91229590404588,64.14777481863868,74.69785226712997,68.6003379540428,57.843204500000006,48.38637539351717,63.0425731863813,62.90089186226433,69.55915793706731,52.53010230628155,48.0466830025329,54.49759340003775,69.72743,0.9812373638605527
GSM990026,78.38757894239956,73.75642546067226,80.49906053976997,75.47710826564892,62.90455401,69.47468656955348,71.66037179550707,76.52981934622329,82.60405809926567,64.09884217953862,58.97904217545616,64.73791445188004,77.86382,1.0127981164626252
GSM990027,85.27380235410513,79.26983699493562,87.48953432415001,72.84487540409775,63.53323557,68.89396174050155,76.46619262834814,79.94833096637939,80.47629548337989,66.77407023755035,58.162395953629655,73.50446339830725,79.530235,0.9748563823479255
GSM990028,71.93782058873265,75.08818335186652,79.97696459646,75.42138677485974,64.21741109,68.23826021092681,72.33523441812886,72.9533861280538,70.08881142684135,60.98336315967424,55.94900111834362,58.474052081695255,79.34548,1.1266374828197625
GSM990029,72.3193324673413,71.06756397264792,81.95071289424,73.77419009058326,69.13663124000001,76.41113030822619,74.90808107236172,66.63056864086462,62.20202022454089,62.155595883789886,61.67194851905501,57.65843623480048,74.536224,1.118185025398243
GSM990030,66.58895233888586,69.94298425053965,77.51908654023,68.2174270080461,61.20313644000001,59.192793208964865,73.11944797651296,57.91107077875431,63.909961035966774,52.202562596442505,50.896118495699845,58.630696680125276,65.030365,1.1720380455364254
GSM990031,53.2317891803719,61.10978920144314,68.20261444223001,60.58907538889129,54.21884827,54.7937393726356,63.626144989040895,57.95289999091752,57.049409871228875,58.69651088349491,48.86159469895611,52.63293683557662,62.81976,1.1934050955892737
GSM990032,73.19083091624421,67.73096791111848,76.85762008891002,70.93615751381056,55.273698290000006,67.06443903793866,68.51560111180208,63.509646996888115,55.986615658708615,70.08849937739558,60.217402638713274,57.596900575202106,68.76808,1.0381859658145476
GSM990033,84.31998857843125,82.91947659638234,95.29551317949,91.4471691749068,66.74341772,74.30897320312957,84.47729290560146,83.17334082534667,85.79605097325413,70.27806105708379,68.86104845676473,64.66650156848857,80.45492,1.0834999405149406
GSM990034,71.3928305627361,63.48150446173205,74.86596102109999,80.3438373994879,58.305379200000004,68.63884085103298,63.09186612280348,65.30403102058878,72.59608674386641,60.60123271858049,69.04339648466944,66.2840294111177,71.27511,1.049013623976565
GSM990035,67.20500401877169,68.56904097979518,73.85385360782001,71.09055794500732,58.93329458,60.32875876805467,62.85914557770377,60.22124800614249,65.51618802702194,54.6302228654597,59.71924152116041,56.33664817769192,67.33442,1.1740737855311671
GSM990036,76.85977928707884,74.5637319332828,82.40124255822002,82.66415361533392,72.97163087000001,71.67988030166924,73.24551645635363,72.61197687941974,86.01863004779324,48.14028445552293,61.53553018090234,76.1890429380353,73.73298,1.0315805341621553
GSM990037,56.2040413530409,59.6110957877211,62.587890268539994,57.42113727541572,52.71336082,47.53437450493819,49.87234333994211,59.0544607481925,54.43223579254453,54.80788566789698,50.18715031003772,57.133683609618465,58.400692,0.8393195816014636
GSM990038,80.6648927325867,71.94548290764264,85.98282145223001,84.82912965277625,65.03324187000001,68.0332187678826,73.28913241829972,73.81812491249623,74.27199241737776,82.13160633308112,63.745277653577,73.19873099935481,72.28799,1.183141717032222
GSM990039,72.49987087192031,71.18976926888689,83.07887164279,80.53482229088782,62.67016441,70.3377904477085,65.42487727086075,74.0184547239403,82.61571777407676,57.369364913509344,61.821803508684596,77.22730206708985,81.57419,0.989612408300039
GSM990040,70.38913083479102,72.2440200874054,82.81559506872,73.54635222583151,60.86896234,65.69863122973564,73.01084084941577,70.38491107565314,71.81134518131654,61.18738471906386,54.5471652128952,59.567737209834384,68.762726,1.2065105802035885
GSM990041,64.5013503744813,65.68834340918791,71.08083947111,66.84236168916784,64.85782775999999,61.646199953868056,64.14124168998372,61.8437529345596,67.19735797397374,51.09423836134951,45.78559147992343,50.75231948318936,64.85819,1.1869946153568327
GSM990042,67.05642384355326,69.30397617556933,78.91573970225004,71.0906750502519,60.08767962,54.828145819570715,71.3040311825094,61.328190261298225,55.02134515865134,66.29316173226698,46.14530352323693,56.822037709116906,72.902054,0.9382359670415863
GSM990043,69.87782327728534,67.94139734603502,76.07740895564001,78.201392408512,66.67670978999999,67.2077030621016,65.70383610130214,60.7589039670794,68.7628717576942,54.84539573370239,57.15098410433031,59.9749455234491,68.88575,1.039066389629007
GSM990044,76.7142471196658,76.4214745641294,90.38566083674002,91.07942778854517,60.817619289999996,81.22134800697745,80.48290377913456,75.69216805915697,89.16692611597307,52.137588318783,71.31748930521354,73.95912711074368,85.303955,1.0105541706223957
GSM990045,70.98546822797563,63.63195903643366,73.67821854985999,67.12868375233201,56.12133935,57.906264581967356,58.57550473277469,64.50776132722098,50.93348051562657,63.95349693615299,57.76756459756716,62.94175910546584,65.153755,1.0761990951481946
GSM990046,70.96765830603591,63.89603664778914,74.27260283875002,69.55798868643322,64.97144215,60.30916831374028,59.79028845810694,64.61110612584768,63.55369614663982,54.73794984606701,54.912448839135834,56.54724296803749,67.63033,0.9298810229749455
GSM990047,72.46951616219856,70.59655872622875,76.72633406678,74.60768514639742,60.34160824,61.605241849347685,60.60993113473632,63.354714722691924,57.11968612766208,64.03258104242369,55.46402485397966,61.37232373669578,66.67553,0.7832435939406119
GSM990048,65.05736684936504,69.22180214468126,70.91075585656,71.84724819265705,63.152427890000006,64.44337926994325,66.8279843402844,64.3778695497555,63.57573179381484,62.62559007732318,58.989469847122876,58.934572973334035,67.9507,0.9082612125158873
GSM990049,70.57060354576626,77.02811152275498,88.63201418767997,77.24085557535501,66.71753539,76.12469952189633,83.83747279257415,75.69474830035574,92.26530128144145,51.345954073174255,69.37447318958307,73.01906519736235,74.08016,1.2894571012365252
GSM990050,65.3312755325239,65.13212679518728,70.67088679483001,62.80367434127747,56.70062837,55.18961291725856,56.36685898182877,63.71356474214755,70.57455916004585,53.96500729888831,53.57218868394066,58.869251948797846,61.298565,0.9466936429862285
GSM990051,69.6627809176133,69.86397498701658,74.13024055225999,74.15970947071042,63.293366109999994,67.03491621214579,71.359887789514,70.59212078693984,85.40142989911652,62.46277654039227,59.611843329626836,55.53908892538718,70.0329,0.9942069561108786
GSM990052,70.8188595126031,67.46714750798847,80.18811677237998,76.92765531564656,67.68351099,66.11498962074617,72.58795603187241,70.16558746742209,74.41204737419417,59.68355880009426,59.25632613881307,68.34019097351151,69.49287,1.2151865908631692
GSM990053,56.70260634000825,58.96027765622373,65.23522682642,57.81712161160443,53.69829242,55.3544514693676,57.10384666800171,55.72993613475956,61.99312607375805,43.494355752826635,53.41743230960298,51.97715980634454,56.64183,1.3045884330196613
GSM990054,73.92111733700642,70.02982506087687,79.40352133546001,77.49577415162832,63.69541749,69.67998273119528,69.56024376035064,73.69483164729053,86.37233901900169,41.583116969849556,63.86781742357822,72.52294417240049,78.53694,1.1009894382138943
GSM990055,72.4049481171217,76.7185937175465,89.77123627410003,75.55858440050883,69.98064816,67.53405226392725,76.40165799849137,70.96436008758467,85.57012545092851,47.1259046424133,68.05092283545214,65.81959777529602,73.41673,1.1971017798588721
GSM990056,66.58416306053758,63.66206348227041,71.60818155114998,67.17875124426094,62.269822380000015,63.33953873766612,58.60387547650171,65.73841200539115,72.72991246374886,44.201280324596325,61.42779915272129,62.468325284620384,63.92694,1.0236223377320992
GSM990057,57.12993407421599,55.34698647131647,62.67066473454999,57.35167330668938,61.64878042000001,53.16299491683498,51.55005367995601,56.849400182575266,64.46553879232249,41.64682229734137,56.62409900133212,54.01746486408421,64.12945,0.8827488904308656
GSM990058,67.5671398334706,68.93128410108065,74.61663450846999,65.67762550210585,62.57511367,56.61419085643394,59.90711181663111,65.00398232919503,78.116798998479,43.3681900945154,56.90281633888483,58.046325135798206,66.7316,0.9131783353289054
GSM990059,73.1048478246837,74.48735566041891,79.91835831719399,73.7972695542318,63.18793021,59.74162510310383,65.04115281509814,75.12194522589088,91.07934268980489,45.461655426961045,63.66828024910679,60.401422041183714,70.61737,1.026406577823425
GSM990060,71.07780664524387,69.30943511698464,76.84914634595,71.49478540672892,64.20223501999999,64.39210874791786,71.74662193678354,63.856643259502995,75.84635787021352,50.962946723211076,57.407875795351465,63.63263454161139,70.49056,0.9237240757183358
GSM990061,72.8491925334138,70.86478199766576,79.85276420400001,70.49417381023333,59.02623949,62.032283340353445,62.534267399249394,69.33088839819729,76.49068121293328,54.47790146879339,57.57977572748736,61.82253500693205,72.8473,0.879490485680289
GSM990062,67.31804330227169,67.47601367370062,77.80839351021001,72.56205081173597,60.37203996000001,65.74885830103437,71.8285623200067,62.86709613071124,68.76646529512118,58.46643839845143,57.17537400330346,59.10005539062933,70.24546,1.1366236568316577
GSM990063,85.85896325390486,76.76485795970964,91.36734433477,85.57789664550808,73.28821848,85.41678707801921,85.28643357266844,82.68558736075389,88.09512185237412,55.73888860683559,73.09215369707522,76.20434526797166,78.40793,1.3995662504501931
GSM990064,80.3963908878682,79.21215979575085,84.39882732451001,76.98800758319268,66.05501307,60.678225667285105,72.9703078028075,79.49604638068254,88.41994150037402,58.37102089789718,61.252844062437596,74.17320391615581,82.73874,0.9715836944923348
GSM990065,74.80579704219613,75.37242875863247,83.31835080583,83.11031693225856,65.74173038,73.82404683905739,76.78817670715138,71.82671795969017,89.41771752073225,43.7679646568439,64.02459444058209,74.62591255295303,73.15298,1.142236615794916
GSM990066,74.50633375764593,75.21008031662777,78.84032732945,71.5149390639415,66.69643012,62.83852053912253,72.63278336965665,70.31205431441231,91.75849902628107,56.08631374388901,62.92121862677747,63.53806519307104,73.10136,1.0342260876465006
GSM990067,60.19716678486954,67.51655974932746,66.57289721111002,60.501591960646145,64.45646831,70.26960710289822,63.59148394259826,58.023014026764656,80.11390972955354,32.8178054124364,64.66010288094043,56.72347680284181,60.73044,1.0734665197687434
GSM990068,61.98174460197044,63.74633471456685,67.72461499662,68.00006817190112,56.19709366000001,57.320671485808504,57.44555238426662,62.61367904138834,65.23685736574862,46.844867333796,52.66986189642225,48.2167619291204,66.22756,0.9076095584212724
GSM990069,78.35035735976369,79.30570890873966,88.3270317597,81.509098778952,66.25483421999999,68.2025340124868,82.75174927633685,83.92422875787081,79.19253973635966,62.717152533202295,62.45101739743004,75.11375741412348,87.68095,1.3191212420398895
GSM990070,48.696288917551485,51.066795625984525,61.12896439117,52.85869962431294,55.86746635,48.961311761764435,58.2563979826109,53.70369280693933,67.02651899113101,33.02863310416012,48.423251449041246,52.17618238390484,47.73215,1.097910217004368
GSM990071,46.73803266567073,47.67131576329285,51.324998228640005,49.05021007488424,54.79149557,37.13918480409411,47.414122412498074,49.02402326436295,59.14498484802891,38.902160036042716,48.74531794197175,51.457669742057654,47.336246,0.9695830752548282
GSM990072,48.85379632881496,47.008993803849165,57.75490557781001,53.15209059423338,53.37034366,43.94450545688431,47.77085889684822,50.942846334822356,37.989662101517524,55.39694873641716,41.17424657091223,44.57796215855111,49.541634,1.0582656693153938
GSM990073,60.94078142597944,61.36858567565396,69.20704595335002,64.56312988626752,61.886903260000004,49.0870998366839,61.62991354528487,60.78960054115433,60.80972220474223,61.259488758800984,55.63698118110821,53.17360732446382,57.76203,1.0836846893875574
GSM990074,57.016973414601175,56.31005486570765,63.528324502420006,58.41082351570649,57.440424990000004,51.84567462517034,54.014543555880906,56.57117673276326,55.15965843717481,48.0892685915436,50.10210051022355,55.046300826061376,52.470615,1.0423397614942385
GSM990075,52.60437256420825,49.78820556915939,54.66329242538998,48.10174552219278,55.870815199999996,47.185166032438424,52.73825886708551,52.75600459374985,58.90732214723772,39.39959357796977,51.619239870263996,49.293381554076994,52.56982,1.0116942201504164
GSM990076,57.52438046292677,58.91504251893836,63.26184438763,61.19527093320738,58.79527496,55.779709806283655,57.84015489078917,64.01792912832167,70.33831810354451,48.459133173801746,58.849925061003844,52.933754910411416,59.313984,1.0650480942582612
GSM990077,39.88005090546134,38.708586357623055,52.67715712391,38.368966085864095,48.53482047,43.7430029666712,43.92086928052276,43.61515371180064,61.041346726405095,28.75477656416291,46.818264204861165,48.02482506728682,42.041294,1.0212193874330298
GSM990078,49.68673425773964,41.142721984020746,52.43605478042001,46.7786827368187,56.21763947,44.94523530634228,42.66526953154256,50.48693435834366,54.48189540945441,38.642524868522,46.30508900807991,57.9590520544161,48.841335,1.081696852307004
GSM990079,46.72622292246723,45.86139964288633,51.014940272560004,47.24277780045676,53.30347939,41.104220855489174,45.37411875284568,43.97205329982446,53.13221097770548,27.14492736480068,48.728723612472535,52.39743735786667,45.58798,0.9636970117834625
GSM990080,50.25919236517214,52.11876025818334,60.53670601970001,51.25895376769075,56.39787426000001,52.47642334711721,56.2599031826507,55.655298400848515,57.92281863572856,39.7850822712835,50.9995883961134,52.22835945771774,49.352448,1.1053754431129614
GSM990081,61.189165717050905,54.705767933798086,62.56130053144002,65.79703465133525,60.07066443000001,61.04548763248016,57.15880216336531,56.93684208571759,70.65773202538946,41.33285764058013,55.169814393105916,60.42260166662252,50.88957,1.1952290436219561
GSM990082,74.16998302322635,71.09242511831954,77.29440308846999,72.0685402504553,62.868560720000005,70.99437229375249,71.92072692895044,71.13791073841503,76.05476489167074,54.28023000610227,61.27992622523187,64.86427869591571,69.902214,1.156715359621386
GSM990083,54.74161070535906,55.376106199499,64.56804475946998,58.901889051034175,58.92286813000001,41.489133114248396,60.61207550436632,58.28421359485702,61.35963628802784,46.874492495119995,51.36804194220042,49.86549293525565,53.157314,1.104257707675719
GSM990084,59.310416455800514,63.298262481502775,72.60242714596,60.72528273625746,53.848929790000014,59.623347229814655,66.4123161914797,62.7880603095489,68.65446187943985,57.63240666004077,53.90698973048882,60.30296039524401,58.956203,1.331028867897536
GSM990085,50.42310001564881,49.61931635922356,59.601518172169996,45.770875248369265,62.64588500000001,50.720604531708894,61.470151789858406,54.00451394681365,66.6602251634556,37.07173588713363,52.34041892801051,49.848605904786375,49.33211,0.9574569706869247
GSM990086,51.779942471981016,50.7010311410421,60.190168129570004,56.806453895633496,60.80823375000001,55.624127518305485,56.684385168988804,53.9885655412761,56.43177461274826,55.59581115535133,47.727173276872904,53.315753199980556,51.88776,0.9315444437077454
GSM990087,68.27107530506628,68.98883884834139,78.89834704711997,68.54264019111125,61.670810450000005,66.07827174423541,65.30320905117335,72.78439541851102,70.22593196547837,51.169418088722864,51.90808371766278,59.67300072998295,64.10094,1.0577121702504855
GSM990088,51.21399549779575,47.54984977401926,57.01950868623999,49.71570313776131,53.16329576,46.393012528193026,52.10735261909513,55.737245191035775,60.73239135677045,44.49881320890569,50.66259899805882,53.278859169657004,50.14938,1.0075571977618618
GSM990089,65.00165139979184,64.34284296912102,71.71428773512,68.19504764844838,60.35665539000001,60.61464849572462,67.75770214062322,62.274965541542485,71.88087495653514,40.517016515531395,59.330433154465936,60.96256732412311,61.554043,1.130903233191663
GSM990090,56.24199873254446,53.84656204754254,57.54106606764002,54.80824284277478,58.944821610000005,47.99097117265089,60.62506069492821,61.69673564155546,63.58528167867911,46.432715293643554,51.62828185770691,52.30101167532424,55.820995,1.1344549028344666
GSM990091,46.78610401083505,47.8687024339809,50.93449932915,51.00606119345217,52.35751126,42.19507263996398,52.566033054869834,48.32240439826887,55.24795450441894,38.160499684494596,40.58090815931183,48.45560088071873,47.21422,1.007945473523955
GSM990092,49.395231817863774,51.1777231469611,60.82447404820999,51.962228639041385,56.0459874,46.479184788229375,52.026282172516055,57.13308811107124,58.584989605668966,42.598163799883196,46.879831271034234,58.522416199636815,52.433086,1.117791699348423
GSM990093,57.333679318060234,56.42289362445892,66.18248669388,59.78064958028484,62.05068206,47.506890452461064,59.29470913607924,52.77881472736619,55.458103336010936,54.59952987076491,47.481074355017064,53.70719188655551,53.381927,0.9978573805020088
GSM990094,58.39258355990234,59.39062476455855,70.43387536654001,65.98707639460724,63.86121463,54.76710848661934,64.00769582674126,64.41746185489546,71.16186446744399,43.64457048886436,59.60817435344287,58.29347252301775,58.982647,0.9300989821639425
GSM990095,58.3417891955746,53.48803748469184,55.74027916357,61.13062516024275,61.24072566,52.40065814393814,67.6667816296386,53.816955706607885,57.180852259890685,46.13321038818583,45.87836275814084,53.21002001239918,52.923496,1.0978224674280173
GSM990096,50.09661396206613,65.02271442121594,77.28894594912002,58.98870849626823,46.37520045,73.75097796316244,74.6358853251385,63.72220430427432,78.03679365643694,42.4891903551291,51.984690739657964,76.88306254428127,71.75322,1.212285924065617
GSM990097,37.11205457242079,39.726050988949545,47.46728057423999,40.35172191385994,51.166114650000004,37.251290156993875,42.91470499854032,45.905470018245595,49.03246752226352,39.34331542146751,43.77142101722125,48.884470282955725,41.905643,1.0146513943551794
GSM990098,61.16301790225859,58.694711348452785,60.038942792989985,61.336193411193015,61.547974440000004,58.322688068888354,54.875070460151406,53.22770801999771,47.86383019314064,63.266632033200494,52.54744365379031,55.65160658304553,46.636654,1.0713622832081513
GSM990099,67.10541647561917,66.72865316536021,76.59409763841998,74.30737810189041,69.63832235000001,65.71411171121069,71.74684975885182,66.58969380468179,71.25342468373225,54.486930530093105,58.492088159931725,59.040446365574375,63.8237,1.0374216181552487
GSM990100,53.06518633902234,54.34514295081154,62.28089939932999,53.97012099784547,55.753043489999996,50.472877989788685,60.180710891832724,54.76313140350823,58.12656777348087,49.873171625526226,50.661301262417936,51.364935343853354,55.061897,1.333833548024641
GSM990101,45.16889127061401,42.539757994416206,52.228226731439996,43.33129882621396,55.32750561,40.17591187147261,50.66039839318927,48.575892544831206,45.14757652573326,48.705358586112254,44.95818170269845,45.69668923796626,46.41894,1.1337252149176698
GSM990102,41.5665853158019,42.620578993591224,49.96868348838001,42.46123560314735,55.130796720000006,37.668520507731145,47.86302417544862,44.37580924133891,51.768728855498466,39.217343576324794,40.9889261033453,41.141661028260806,42.18056,1.0235523572861045
GSM990103,44.64221919069821,44.73791797078293,54.31897237813999,46.804613558259604,53.63644966000001,43.53131914899283,49.18687806310427,46.24776064542911,53.15258790038297,44.145425701214265,51.71985998124355,54.08985579479636,52.147106,1.1193479095450454
GSM990104,61.920076363244576,67.93828219798152,72.80019924677998,69.72732795376115,61.742319110000004,53.20661780386985,66.11914449374632,65.36849363220502,64.44070942266751,54.77821074404321,55.854359870675765,57.80166787063711,63.75547,1.1530370393608302
GSM990105,52.3019055359965,44.4133068523804,51.80278984947,44.68395924063682,56.55062673,46.85468932219243,41.83746191653543,51.26572954412359,56.66535648678774,48.261080124178136,50.29572402611383,50.299193145784976,50.078747,1.1019983925474266
GSM990106,66.35709403395964,63.325247652497296,69.27860109797999,60.23750101849749,60.917148229999995,54.83632692910022,67.17689931099531,61.9499847002339,70.08609963993263,50.424065023509996,62.40378477446212,57.101279068595396,63.997288,1.2373790063885355
GSM990107,51.16006073808093,53.85015167290166,63.433675786,49.453157561381595,61.308951539999995,56.27104760013165,59.07907137784471,55.28015636598177,73.31675249316123,29.63578050734489,50.81842876790653,56.9240957720687,51.577686,1.210970112985705
GSM990108,42.479048587440055,45.534770527598226,48.30597924739,44.88131790258875,53.062287930000004,34.76891725062886,43.35371249929777,46.90271440274712,46.73427873251978,52.079739312145705,44.21150570854024,44.807985106903594,43.284786,1.0255227106977007
GSM990109,50.48469024039944,54.56823651850046,60.02571957248998,55.25832350189009,52.3009593,54.20504455676418,56.6841418503678,53.587905550685,44.04680821905282,57.505763379667485,46.84679423361082,55.977119119165,53.494865,0.9897557343088161
GSM990110,67.70876366263798,68.27569629808539,76.02295963047001,65.9790474576641,61.141262680000004,68.75757131120655,75.03273247734006,68.42430637901097,73.6617561803348,44.23713342876465,63.94098538851396,64.7535425033847,63.771328,1.194148280709655
GSM990111,57.82930598790221,53.86108083230524,61.18447955656,55.14140695712604,59.95806690999999,49.776004496466605,79.72501347263106,53.9458372294173,70.52754359697974,45.15658238802905,56.188629368657644,49.572263546540874,58.234135,1.5534513491537876
GSM990112,55.32606272592163,56.25999297164246,61.21704898501999,55.21243399742687,59.38998358999999,47.444401845954985,50.834992287193614,53.74026232813913,57.708272918553064,44.407260611446645,50.89123647657695,46.38114324749767,57.517048,0.996386325958011
GSM990113,60.40865562964174,66.5983622309919,69.10993857565998,65.60128832244442,60.57091457,55.675556544829035,66.28364113409694,59.40058005322312,62.02809743111612,61.709170024787,53.02966571553269,57.047516087150704,60.33744,1.0350983522448616
GSM990114,55.49113005715711,56.85496681787979,64.01974497703998,50.68559374337314,53.07271061,58.86136556758774,61.49171718321191,54.955462283968586,59.71491042751643,46.57296963453973,57.24767741279122,57.26475050770092,59.63016,1.2175183430497576
GSM990115,39.672582940418216,38.56652941799953,39.77630188545001,41.68077961744293,51.45514023,45.16881405069992,38.8460938562942,35.50601951967923,38.21305127080785,48.26165566117237,45.75562649185686,45.74337248729635,43.049458,0.9670654291349812
GSM990116,55.63347990645341,58.900611399609,64.07645105379999,60.308650264607024,56.253657180000005,51.158844828141085,66.31372071569267,55.663952055327414,51.14023091357677,59.340218719166415,43.470973979805514,49.85736727755624,58.132614,1.1582848027298216
GSM990117,64.08958864595996,62.76035213232935,73.93934726036,62.57584082945895,59.47623624,56.882008070996996,72.83263260376333,61.67899206213016,59.83427129795626,71.44764313765234,61.33378615833665,58.07894726959277,62.825195,1.301030664292412
GSM990118,50.05042882899629,56.34836503450525,57.403203930880004,54.49111135321112,58.367785780000006,53.94378379192503,59.58913019910367,46.731498277627935,45.08232982533309,48.533869376864374,48.80330261313984,53.55167812498858,54.17866,1.2981939164402219
GSM990119,56.437483697083664,62.57008975709503,62.431153358900005,60.93390024234547,56.8643939,59.98722495288466,66.26440357325409,54.25009773972159,56.44471661262867,55.95321115889746,51.44235853885685,65.65738630022733,60.56148,0.892216907110347
GSM990120,42.04576007368206,48.987684946278655,55.50708761682999,42.61329162353599,52.74898313,42.95650595805766,51.99868265514613,42.58538867626473,46.74491962504135,48.15470429654749,44.850721877776984,42.32769320621032,48.647682,0.9242640409938185
GSM990121,61.021722253230436,62.73358262139004,70.84380343227001,67.63937621323618,60.87267335,57.32479107558336,65.67702017230474,66.45529353175183,69.84114456681516,59.18308056330545,63.574246174050685,55.31294748478653,63.19564,1.0789664327501425
GSM990122,58.25172435640366,53.13955232413371,55.89198407420001,57.02769764561607,51.93313939000001,45.2179494589994,55.4096086778901,50.91319884412966,58.706563147099246,52.51670820102288,53.244554252449134,56.784582706874154,54.440517,1.1253726904255204
GSM990268,50.696778185908634,57.5035406496941,62.36220028141001,52.23063365359133,54.45955933,52.08535571463999,57.06343243009121,53.32421308399342,49.93099778338433,58.85885255616401,53.971980506343684,49.55988335375559,52.346012,1.1306709386126614
GSM990269,46.725110916881285,44.13928489412027,52.37729926612001,48.01253202148384,53.439368009999995,45.85952191452071,45.93308558373168,51.545683218262724,43.96986499682055,57.155107257646534,49.04591276739349,52.902931637259066,50.69252,1.1277997695747106
GSM990270,56.09788268178311,50.23558435446665,62.132315434969996,61.03976699695655,62.820332500000006,47.930110729149874,50.63641441816598,48.3070238047191,44.33211321478274,62.3338369584381,52.24037511557039,53.32821742255482,49.137325,1.134132179001928
GSM990271,50.62148450590377,50.84013935058469,57.81853021916001,57.026699673461515,56.475334999999994,42.35470158138163,48.28937062263877,46.876040726856694,52.00337315393989,47.1097729087808,50.31959910139376,60.60859080189342,52.20905,0.9882824462998963
GSM990272,58.01399797686388,61.52124349149944,68.43070729280001,58.00676783685245,57.45605506,53.65866521733851,55.62359921458017,52.34699217430942,64.28411094310366,54.35659696819357,55.59072232647388,57.638201800655956,55.56209,1.2036771765829128
GSM990273,61.87548796152206,59.78171233862873,68.58404467467001,61.99985685875064,59.855073129999994,54.23497957829853,56.6302745127343,53.769437669520556,59.770621089711824,49.338749504924294,55.00860776511378,52.92596142533123,60.72964,1.075948775750102
GSM990274,54.72560116083554,57.70933780652318,65.80827227381998,59.194947022621484,52.814754089999994,48.54683045663173,52.24038757139486,55.65008947403875,53.906018878587474,57.46469855459449,56.99621389887385,58.87193029082351,53.543163,0.9942701241351244
GSM990275,58.554630914205724,52.05519017736511,64.51324014339001,59.2536290088932,56.2195201,56.021759929594985,51.90608844898006,56.22065731202731,61.785368551348654,55.03383327988425,55.542736817813044,54.9248649111751,51.67829,1.1203663131480082
GSM990276,66.07102957582741,59.542025367088414,70.85385287079998,68.82127542627008,59.41766236,59.78504258781312,61.14800558806422,58.989456752360184,62.894272216913976,54.371512323800516,58.01841776170323,57.77822711617599,59.482044,1.0343751397306795
GSM990277,39.47193612198863,37.50520536562368,48.18937715973001,39.10435911159155,48.57293985,32.38250014523997,35.68422133180616,37.897292684063885,40.10883151933518,47.251587196906485,46.45040529332185,56.26799276484751,43.45917,1.0297400323682364
GSM990278,48.600756168771724,47.93104150317862,58.80662577810001,48.09430717648293,53.52404292,43.27309934006525,46.14551521879905,50.655007137812945,52.20204405711405,46.99745485206978,51.06016152599231,50.68484017353524,48.38101,0.9422595552438457
GSM990279,50.859473763325425,48.587661301320125,58.53864005874001,52.086878751026504,58.305422240000006,52.413767280849406,55.85847313497649,50.19100245377981,50.73987120625054,46.661940930228894,51.39945925584284,45.97696499880022,48.263493,1.1456452056139994
GSM990280,57.410125392922794,62.144771055341955,67.00363900981,64.27610760610627,58.10189808,64.28900254741423,67.79118260280872,60.22888821494971,65.5949331716871,44.70288775686777,56.51772546675717,48.469728958189755,55.03259,1.189895898665759
GSM990281,49.576857340814406,56.1401769894483,58.878345626049985,48.02209321843487,58.54059363000001,45.102076032900115,52.85872840226597,53.79805728010304,49.58432899236942,54.88191297097481,47.4475111218063,50.67137456136144,52.499035,1.0897369237526449
GSM990282,51.16577803621482,55.684002995706,60.32268411770002,57.40812143518724,55.204446090000005,55.83388223376939,58.078978539091906,53.7193047606723,56.58932784526547,49.88354067377011,51.40772781400284,51.25066972421478,58.427074,1.125455206136332
GSM990283,45.94308616555263,45.912365064579845,51.69320590886,37.88053611332472,52.55183452,46.145064936492076,57.56804032198366,49.16740607600974,68.89789442891146,37.43785336050385,48.31596658843203,46.32507525481632,46.910618,1.1705168176298328
GSM990284,64.01448773169477,63.63493250937963,69.24177449131999,62.97794797245191,59.966231288,54.77663839809933,60.28005965297871,56.96916740143482,61.08519045410668,54.72744348182562,60.146391114344084,60.43151717955828,62.058018,1.1064387210002273
GSM990285,48.6938057501055,46.42956088890601,51.041112008750005,49.561524016384276,53.64124633,43.201470498539976,49.64293975583774,46.30550302655166,51.868288982645026,42.19649762000688,49.90542220102304,45.50574106069245,49.86449,1.0225898100455142
GSM990286,52.08456548484892,54.014260352570304,55.279908538200004,55.96684422344253,58.77281422000001,41.230697009050914,52.34308521170806,52.925877480693764,49.78986236804917,59.14931570125981,47.73247699440576,54.432896976967264,56.396225,1.1496658023868018
GSM990287,52.77230464130239,60.06717732850627,64.15513913924003,51.79877563374988,54.76143409,49.65845597060181,53.79659444598176,50.50150857834544,59.00952564981105,51.637103635213776,51.62893839277938,54.385754494891565,57.848835,0.9867586119802318
GSM990288,45.65167746212808,48.65093876961352,55.357539023590014,48.52984606433321,56.27106852,39.93968158556973,52.00645293069973,48.51148011200744,54.913884436430806,41.11374594369616,46.661012213170636,46.7851454231347,50.065662,1.1717855307417644
GSM990289,43.00226800424924,47.46807170675532,58.394309675890014,54.77834321869345,49.8656044,42.40522953524213,46.638116835170635,49.693824159662675,42.587557995719465,59.340966289622855,46.04183441917471,50.05083383203017,48.407932,1.064950940808366
GSM990290,55.93455836971074,58.70762365733583,69.86244865049001,60.69890949286823,56.983053129999995,55.59994342660435,63.84157842549047,57.905320822670184,62.22101732693329,52.27856094234991,56.600612596007146,54.94211624139401,59.18465,1.0319616959674656
GSM990291,50.93395029868269,52.62331378759534,62.15217158689,48.09517788176581,59.66696539,50.77974158694335,61.81475093151797,51.24246911486729,56.32368507723345,54.24287812282776,49.506672948650156,47.05635859546856,52.74136,1.086273921771334
GSM990292,33.904467203258285,37.59267443558561,45.89464822725,32.93384546355644,47.72927244,32.69160317060057,40.00519737820397,36.33067543831168,39.982824524195564,43.183568871766056,44.178729889135695,39.69609476805618,43.383503,1.3328577850912666
GSM990293,57.87424267821593,65.56503489137324,69.64904527425998,58.19017306576105,61.51708070000001,58.65758909832381,61.59700794976238,53.28488384811749,60.875382115537434,52.88148016953721,53.809178003928,53.56016843280458,62.593353,1.149866223355898
GSM990294,55.477030473745046,55.94908625479269,65.37362535885002,54.95727170594006,56.47506698000001,47.218917709481445,58.130073545921306,50.21513863385944,59.21896100809511,47.33195243276879,54.96421871635465,57.027792490889915,52.16818,1.050650784014565
GSM990295,46.81285988058606,48.26409395119331,57.58858165898999,53.0335387099689,52.64681502,41.5062541369515,51.492825015263634,46.73341946039112,53.25267072919769,53.8808027264092,48.06013585777144,47.90259155450847,50.763016,0.9955510394159302
GSM990296,52.62729696332377,49.491482743185465,60.40363377529002,56.0230261815521,56.34197989,48.27930130049354,43.24357285254283,45.43526025731877,52.5238183094927,42.40316478637587,53.84160894710287,52.235397878211195,55.977955,0.9654193114044685
GSM990297,58.08315148163661,63.26553542750077,70.70856193959001,60.509536131696045,56.711827750000005,57.40128739844616,65.27925095335114,62.5606347702697,61.671250181223286,73.09894117462454,51.62991338569807,54.52613179993407,60.425484,0.9936963739652476
GSM990298,62.59192627185977,62.610230666786244,69.48718291712001,61.23724418196142,64.80557193,60.9560335526144,68.95740938637047,56.720616766637605,65.20188927761956,47.73275396930106,59.08320894427213,60.26259507733089,58.71609,1.335580087979469
GSM990299,40.61797084390919,39.84639797279162,46.08689804137,44.66604914070228,52.42857636000001,39.55366812099433,45.01837879594834,38.164710778047706,44.50653341956695,30.28789032968524,48.65547710312594,57.875128625789024,42.4733,1.0210383527931446
GSM990300,54.7263611907581,58.461580339159276,68.42769872954001,60.76271719505416,51.917492409999994,52.21317194374846,56.80868518410613,56.07509652854293,57.056359840986374,52.97936980980808,55.55221292922968,58.027166461122825,58.868484,1.061114789741231
GSM990301,57.22115085278097,65.21028141924984,71.61903891224001,66.77329793753391,57.249868340000006,56.11378687501145,60.81420626957812,55.25246660040368,58.36626992624758,52.55238223663409,50.791665836766164,53.722617244369296,62.172718,1.1447972801537782
GSM990302,59.87701281261084,60.56543281169881,72.25212096685,64.58454774519262,63.21339688,55.439107800968344,59.897558471722256,56.027229331051466,64.45873950389466,57.16628746038484,56.87216755567874,55.92713625774214,59.02873,1.078664706541975
GSM990303,54.23616658446531,56.527594323388804,61.821965415969984,53.1625791649485,57.92055598,54.00567691441841,55.19184554380582,53.62725733776733,60.45726833547042,52.264136602577366,52.465616954784885,49.27931337780398,55.805405,1.1748557671352389
GSM990304,59.800929168156806,65.41495930530462,67.78656213119,63.69837673083023,58.6821749,60.92061106906973,67.05026293252811,60.789554593611626,67.13098638193298,48.96023199934447,54.7027271946813,57.02597599629336,58.201374,1.1297395595827782
GSM990305,55.824604368604774,51.61191516765351,56.70982049791001,53.76712344892439,56.20076525,36.577760321342694,45.52743298263091,46.01751374489983,58.92801199048324,35.02633326381536,46.512871487460345,54.19129067772993,53.11173,1.0426344892436454
GSM990306,60.12666589279445,62.93491351283836,65.51525559740001,61.61415702162804,58.583356339999995,51.72800762072403,61.78457992900671,56.46669482471749,57.99479956275212,60.60456385821948,51.61903794200809,62.334621519739294,62.131268,1.083768607700655
GSM990307,59.40603809495962,61.7306771846128,61.05498848889,59.24982428672467,57.56315696,52.35351426141077,57.39756085063382,58.29117001927871,56.86709816147675,51.23710285912375,56.449301753467296,55.77416908454074,63.236732,1.041096306438473
GSM990308,69.11279332124458,67.89753510599469,76.80322672374001,65.74522510663766,66.31562971000001,63.489602354274204,67.71244911644156,70.89058623744131,68.2756829344525,63.69304937815224,56.09388044106346,65.93711042482491,63.98016,1.1153897960771941
GSM990309,51.753356729024176,51.13945639771469,56.43343693793,51.01490973886672,56.87538543000001,49.83465929781034,54.07855156953064,54.514608555825504,56.585044909021974,47.505072588034125,43.72492990998876,53.463042719045,53.327377,1.1186589921047183
GSM990310,65.92453656329025,70.09010452827619,80.36922692986,70.00483863764067,68.9656724,81.52878529048643,75.95840978857146,68.92070263576062,93.09362186739315,46.74253264043631,55.73823556987681,62.94341691174309,64.2902,1.393144830886297
GSM990311,55.41710417552317,59.497448536205304,68.03803460081998,65.86688257881657,63.64486518999999,68.5902628722272,64.16891613250853,61.02043286330961,64.89075146652681,50.364297314773125,59.16589901921163,56.175386815469444,61.259266,1.2110574361526247
GSM990312,55.574867309518204,54.40959101667141,61.83588330957002,53.0322138027777,54.46648394,51.15974331538814,48.919740397355135,53.320212605720755,60.40787604535228,52.66944735771858,48.46001936693217,56.49927343837407,54.275124,1.0600899328780988
GSM990313,50.457201471840754,58.452494377691686,62.26604591678999,60.145727393524915,50.17980039,49.802304591566404,53.96944397336978,58.38450559089764,47.07217601021375,55.49950664513335,52.87664719616817,58.572127369101246,57.848248,0.9593122358263262
GSM990314,53.615117952505074,51.502819559442464,56.64268617992001,51.837336652433486,53.37099053000001,45.6205676990252,45.23438512723935,51.6250918153297,52.75824095806422,42.74307880783732,51.93373002301007,53.19703436318225,53.16647,1.1115964486111498
GSM990315,57.955982214558816,58.36838723026466,67.19349127066,57.80780532878901,57.738567239999995,53.353082144917266,63.6627505272956,63.43810913943733,72.98495721366095,47.22933846423814,57.622595574826704,56.91922174813637,61.143814,1.1847310324740705
GSM990316,60.9002764472891,57.287312769989555,64.70250135755003,62.14710308108429,55.313167330000006,51.227427655414786,54.20399140770958,52.69544621789086,59.48869723510393,49.4301114858244,54.347813206120705,60.284530690831396,62.59136,0.997140320749988
GSM990317,59.57523524400261,58.09281938092241,65.42096960521998,54.541398627382385,56.04298785,53.186968785856244,55.82402528862356,55.76093223628875,56.70653203126011,51.701213905820794,53.584233131797674,57.6236214792166,57.232136,1.0618894846321967
GSM990318,54.87505939618721,49.54923195897579,55.56711255915,46.99546980836681,52.93622941000001,43.735650502761274,48.682067207498584,52.32731882876464,55.977881669059514,46.80052603900353,47.64984140881224,49.08826655027391,53.377544,1.1907538658380594
GSM990319,52.48037409337423,56.443539659094775,56.89810472578001,48.51457441801023,51.38629496,43.63789823473925,48.460509030380265,55.210773282635216,55.34969472193245,56.93405117483607,48.69220797755464,62.55191536235221,54.510624,0.9558072396754063
GSM990320,63.34358726390752,58.779233811178166,61.53264000746,56.71269430400883,57.75795444,50.5410446527789,55.92900270865289,59.455633358804974,52.88593431179703,51.295814498401285,50.63348014443285,55.567831375890414,58.94346,1.1403126545519144
GSM990321,59.614321069721576,58.058701830961134,60.76404148131999,52.54026804491457,58.417688330000004,56.647177900910805,57.66928337122624,61.116780300939766,60.80805775176361,47.33042380824281,51.67450717156835,63.48478786226796,57.68842,1.2099875533774136
GSM990322,67.45910321900291,59.29200094588241,65.62345735667002,59.556799237971184,57.17165637000001,46.699178664585475,51.596175580953094,60.316001001686956,64.08065027215798,57.5565764071369,53.67378156957132,65.44054257571918,60.250202,1.1045706768133683
GSM990323,46.62684705237493,45.981478941192144,52.61666084885,46.32582077252562,51.18389193,41.15027105044394,40.538847781385385,49.17422671845138,54.01099162414209,45.67301018875713,49.14450989042149,56.778466434840446,50.023716,1.0768127521300732
GSM990324,30.785804373157475,29.28902179038824,39.22537750870001,33.573098684671834,46.097330920000005,24.850908967740068,29.522920604231803,30.047528462524596,35.93369146032927,30.151605157139784,40.230386092344666,39.55528954295797,37.884945,0.9939423423053162
GSM990325,44.869259128591224,52.90819266198469,58.93609635273,50.5268002901994,51.926790020000006,52.36603617257309,48.72538533275937,51.5796201826945,54.84801930802604,43.76418147041937,52.36680665052131,55.78250238586556,54.586803,1.0393139745373003
GSM990326,52.82669409287966,52.29617039206506,60.45068353409001,52.93128657921416,55.32341705,46.86130080158347,48.505479826010344,49.92375520239674,63.959806186572905,36.71017770087997,56.55477447789903,50.1693041076878,55.820057,1.0377653182344542
GSM990327,38.51302693357104,40.093890852200104,44.37242852956,41.20286345260919,53.17251315,38.40970207325309,37.82042399542837,48.320079763854665,47.77783299292963,46.934067486281776,50.69237569974767,47.215667084838394,45.036137,1.0288137671860027
GSM990328,71.42413183683348,62.0675205878885,69.64879761339998,60.21094883155367,56.068779530000015,58.82447761880336,62.21391543093047,62.88677314787114,71.2555629324865,48.02040236170279,51.559240112638776,63.616196492473854,63.344765,1.2297823956858056
GSM990329,49.162975801451694,50.60520623346423,55.42269424773998,45.42709314081822,52.580049849999995,50.026545822894136,48.34943265412059,46.04423240108826,50.88404260442792,46.51452486708544,50.57567400250295,50.97837264543018,51.08783,1.1108256821069558
GSM990330,49.9918489754244,48.832112181551906,59.341109139969994,56.938907639670404,54.983342920000005,50.903787061854665,47.43956865922105,54.85951858778239,59.71028559712306,42.22143969423831,52.78506131235819,59.792419981089274,53.98924,1.1120854183129096
GSM990331,43.54865234007903,43.439716776042125,47.83900001927001,48.54348291835384,48.614761040000005,44.86329305505419,39.32031882574526,41.27147917752435,47.06431434791881,42.07993514996133,49.22960553401987,57.159113464073606,47.26096,1.0477686236028803
GSM990332,54.11909929581514,55.580601405416196,61.20053034818,58.21720194810686,54.10477847000001,47.19048889364002,58.23205222824784,59.32691395138053,58.994703585943796,51.11763059060462,58.35711176065729,57.64560967626935,62.65258,1.1141684840166737
GSM990333,52.81554810568582,55.3308198408923,64.58514543341,52.0170683424877,56.59151378,48.39601808026402,50.40551008981842,52.518847563408244,57.81187836654573,43.00797726209311,48.211638496755654,59.2224278615328,57.813522,1.1012082671844852
GSM990334,58.45589708177952,55.329181394547135,60.86903531808001,57.85624535798643,57.070798530000005,47.759533596035325,50.13002289555246,61.95214755106069,57.151101073353175,48.30100123356698,54.52871916861083,67.59286457549493,57.542503,1.130267849323095
GSM990335,60.13129067091544,62.64196817219663,68.03574445765,67.76073562219167,64.22719201999999,56.9238564816216,57.09247717014012,61.144211417995955,65.90908441382038,45.74787534604832,51.45102466237863,64.66970154799645,60.724876,1.068770788640264
GSM990336,61.29829577733271,63.31695182393501,62.06845211325002,60.946749438574045,62.33296766000001,49.21578890825285,54.46309638870865,60.53840412298099,63.97848396913105,43.24829371064894,56.1225567870765,60.309741432768895,60.564613,0.7730870220921773
GSM990337,59.11944946973012,63.68286531635049,66.61660824932001,69.47343551501028,59.6152261,58.013984930093926,62.1696468136833,65.8564264330339,85.22103602746012,40.43033769919671,55.993912749334285,54.94696741856192,64.00504,1.1729376103524545
GSM990338,54.64449087240317,54.54354730819616,59.83412747684999,57.607858749310054,57.06271149999999,53.47015216844834,58.870069425686424,54.24020423754236,52.883050727726584,52.75602796567381,52.505032951488516,55.41298208576091,55.602386,1.1176716305266503
GSM990339,49.88052813320509,53.09627672230479,60.794879817450024,48.781533366713035,56.994889130000004,51.32821398752977,58.07082570200019,46.58095821423371,54.59679432890391,50.57767010959759,54.35742058274593,55.26693801009838,56.60037,0.9666896436760981
GSM990340,51.27155537440924,53.23387903655009,52.85693580153,53.42785458822551,55.95636924000001,50.24789489144284,56.11058471631429,54.97847087568394,57.4379256331722,53.91968001466975,41.61218655678266,52.10804149355325,54.356113,1.1882153521946806
GSM990341,46.9720954584336,50.35904778235952,57.56259485435,49.945980417327604,50.75180872,38.5776340580979,52.37818275441627,51.973093083733616,53.781429582621854,42.61814084378031,45.60957582707776,50.1879559465473,53.261887,1.1301200523566814
GSM990342,52.662098947524555,54.82993946111637,58.61707237437001,55.32274585311397,58.88970081,54.63929646394355,63.44151109807082,54.057161678129184,61.47167322921041,47.140148524331835,42.86616766073704,57.87556907747943,55.101757,1.2571577821675408
GSM990343,51.726545788597704,50.285579745330764,55.09345645214002,53.619633753406795,52.79961582,52.09311941552774,46.503353229118126,47.02591136745775,48.70162965163183,45.190184324219786,49.528536376752754,55.83432659349322,52.843052,1.1085434975940545
GSM990344,57.88585015505055,56.47100371433348,59.316038295670005,60.049020292000066,53.62961316,53.71570745292132,53.748383782050745,62.29512852527894,65.23897819945813,52.41331956969455,55.612983313989886,59.672538562469136,57.62122,1.0467670820503479
GSM990345,60.03142885787914,61.900993202263685,67.49427046413001,65.43210030587183,60.5102423,57.658509267088625,62.264971885693676,65.28597633938239,67.83378633041701,44.02714438987499,56.82285342769227,58.53538171452066,61.33916,1.1500673689351744
GSM990346,42.46500594422781,44.634159730590895,51.697347076910006,44.3484476544676,54.25199747,49.26411489809334,49.868362768237986,45.69175618972343,53.71946546389864,41.78545869159922,46.456244393379805,53.425264838434224,46.68623,1.2710047666233901
GSM990347,59.30437380106572,58.62752895016673,69.38303911977002,53.815453122375516,59.194792209999996,64.66228995591293,57.868050723035886,61.34955470381855,72.62233247270541,39.86552149144342,54.43087508126887,60.18219684316238,61.19147,1.0932274372393798
GSM990348,72.89291072032083,72.16508384665329,66.68324494031998,78.47201417376701,52.891207390000005,59.09342239962902,64.04986056843718,71.99848427164216,75.21782389435862,52.19019670099141,56.42245644801743,75.46481281482468,69.377174,1.0640353148295354
GSM990349,43.829189587915735,48.2252244751478,56.338576219790006,45.63362166641701,56.6647503,47.90458791864179,54.75713167595079,45.384955004112115,45.43760134956307,54.394888036327416,49.982487090662545,50.40036397189446,48.01519,1.332258755558366
GSM990350,46.277783487514796,44.362739383090826,51.92045090027999,48.43861598068611,55.8620799,45.99749805011564,47.65324271033022,46.8818193210067,39.36231792574404,51.08644007482809,44.76096902493936,49.39737641690035,49.553905,1.0823135593465993
GSM990351,41.085498895228525,45.61903644268523,50.08281087056002,39.05234398927099,50.35869574,33.11364445576646,39.22150869359925,43.8906994276162,26.638346600152545,69.4020617398555,47.69183404698752,56.638662705819875,47.947422,1.0006835546633148
GSM990352,57.13079474588816,55.91432004799571,62.92963144173,60.868122738595595,57.530828750000005,50.209318110079835,56.11552396045624,52.50699095935856,43.464827635848906,70.75997036532863,42.20839933996247,44.89886363719068,56.809273,1.1118827071619402
GSM990353,53.378099859302914,51.86900402612773,57.25205995686999,57.67181283957518,57.973716800000005,55.49066448105884,59.102510300639615,50.01874490442448,41.06979060952989,70.60347561819029,47.700777196767504,54.59156603496245,52.9398,1.2405711027554063
GSM990354,47.01088264607921,48.32150439224164,53.141933323900005,50.16165316789867,47.750130920000004,46.06874143810831,45.485102221312836,44.491761689160285,35.89676710114645,67.02960075789309,46.216031119330545,51.04785981938836,54.33627,1.1043227195053982
GSM990355,39.561550416712706,39.706477305672635,49.01087182971,41.49639196226077,49.243616440000004,25.827429255611435,40.71647105270924,42.09605026648301,21.450640052578365,60.73193990102368,46.765461663313395,55.446281034255826,48.796856,0.9148544645379684
GSM990356,53.271869098627946,54.061078435308865,61.456054509880005,54.57486303459926,53.98988835,49.612586145995365,57.163972131905226,49.24936641535444,44.609974311252245,61.7342991239243,51.63721807382827,52.112200040699356,53.365467,1.2352541707907276
GSM990357,55.483788207779696,55.321612389071014,62.81310615262,53.833558417156546,48.730479499999994,49.567792337252115,54.53366805557266,54.21618097491703,46.38840029163862,68.65544069192316,52.588340795529,51.1281828615269,56.672813,1.066898093472738
GSM990358,67.23021984942693,64.16233650464129,65.0647304355,63.69237934547924,65.8259678,60.14403641156236,59.08750501049633,64.78496208765239,57.477214526169064,72.3013673587912,62.21742017886607,69.34360515926338,60.81172,1.0312617412359315
GSM990359,57.617728010657025,60.34279332090513,60.916457120949985,61.63555315825773,58.07948418,50.48588955393119,51.65865827045495,61.53162487854504,46.95469503741731,65.85034637660817,57.1977008195626,55.66382415869452,60.885708,1.0171976353096215
GSM990360,54.48055317604364,65.45308782054946,70.53619074361002,56.98189720763867,53.3869748,52.17486614237805,51.96564522759341,54.568991467100076,42.0678533541203,69.14987848424892,55.611973584294205,58.22129495208106,62.211216,0.9548173177737596
GSM990361,56.58328113404897,61.977544976464394,65.41137005685,54.47500771380491,54.377618999999996,50.185946596132865,54.16849176110421,55.07929007447229,56.505827077937454,61.23092963562672,55.4993659830375,55.114458998545565,55.760315,1.1229657874123085
GSM990362,50.99830685276191,58.332253285624546,65.81206298653998,61.98255771893107,56.31869159000001,47.18640647495871,51.625080406873195,54.234698543018574,45.38041861511516,58.212037314784254,55.20620250749337,56.842630099263495,58.84812,0.940911573417222
GSM990363,60.70953489525423,58.458746493326984,60.06034761608001,65.58183394382068,59.83721501,54.83172322132236,53.27804362728412,58.52621409028994,58.51486164879276,56.447820477181494,53.75314239231952,65.56283073898092,64.331474,0.9281805149257836
GSM990364,57.926584623456364,63.75933981013357,64.19206189953002,60.871701412657494,55.107842139999995,54.33934061415877,60.91067846111786,57.25305932256545,52.09805100248764,77.50470193978887,58.24048273687858,61.71469131087401,62.56635,1.0673666947293732
GSM990365,57.37999941973479,58.56750055331608,68.91822996778001,54.82073571541321,54.81398764,54.66234472237635,56.3841749992246,63.04209251633961,49.303308574588186,73.01845277825223,58.36995648408173,67.80953716581757,62.439312,1.0160825199658199
GSM990366,60.549880242023775,61.32245455028834,68.33811771001001,61.84035136445735,59.62004329,55.02990976980037,62.10134685638208,62.677024007645514,54.62928330954941,67.9981378299353,51.68649709911871,57.67845767647359,61.350918,1.0768674318945883
GSM990367,45.42776571444868,44.67299417656825,52.643572308239996,47.28664391016141,52.047753830000005,43.317034879756896,43.665324435529186,45.93748355707693,45.53749671998355,47.00361573599923,51.69713653953064,48.3295731357048,50.496845,1.1593668561459605
GSM990368,52.06958557229606,50.89983661239066,56.19312803911001,54.81176032676614,50.629452670000006,49.57839401864247,47.35060269497245,48.074197044110925,42.89838787503618,66.2968546978826,48.16612422517468,59.78554210260827,56.842487,1.106247663253175
GSM990369,40.51258446249385,40.97947785278929,47.90431623754001,41.40785958603848,51.09934546,33.36062226923852,37.11381056521215,40.4892390096868,35.594583535981485,52.30775156961394,45.561641211520296,42.56965522326484,45.323566,0.9323696962882397
GSM990370,61.905617754203575,64.57549335805999,67.11314003524998,66.80752032482455,60.51592144,50.84602213391469,60.72387057722969,63.60532789606371,51.663051414167,75.37971135184421,58.66284236220466,57.99004328336641,63.156406,1.1334732465748183
GSM990371,54.01884846009681,59.54896260684828,59.5849525325,55.05446998149097,55.64849158999999,54.379010319487364,54.68225666383886,50.669825159338146,45.988250238641626,68.10425616556762,55.04547061868291,54.34905657596867,56.990646,1.1592596548665024
GSM990372,57.25158143697956,60.999299286545096,67.51241200218,70.5842727468113,59.29327789,56.44551812012348,50.20737628680029,57.605467288862584,46.82250358838792,66.7144956312818,54.308996877926425,60.66337611634092,60.578487,0.9688130394859664
GSM990373,39.02730218147987,42.86544365400583,47.139656320890005,45.76062720193333,52.412991010000006,36.98055939406485,40.1530472048877,40.27791068702011,48.71253986579063,39.46151299798248,48.28846969024053,44.917994452950374,44.2633,0.9787877159141984
GSM990374,57.14489683784844,59.50221711400505,64.72252609156001,61.80892214747916,56.899014720000004,54.74338442012221,61.696127531857556,52.79395144861662,64.48734335329823,51.32083100380868,51.34139451733552,57.193773038898364,58.086147,1.0913607009749131
GSM990375,25.924278693271933,28.556003181909272,37.88625875252,28.177249393137807,46.43795866,23.075360220128275,31.648420011137723,25.865998581575226,28.105004320915214,39.685579662279,38.42925344944524,37.53012693840555,28.114729,1.1219037794628153
GSM990376,58.35659026616489,56.25614033775435,60.046799180549996,61.952691740987696,58.88114814,59.32783623461718,59.7475663222524,53.03615027360149,52.25361796706795,62.527906562847534,54.25657384452289,54.15985494559876,58.26919,1.1961162790773254
GSM990377,60.76053030978414,59.56473937188419,64.60579465003998,66.04660422117334,62.66567071,61.44862783475992,60.360335146620976,56.54119271741185,44.7320769084144,74.39394746351715,51.300395703886636,60.203880158119254,63.189323,1.081022522218535
GSM990378,63.806766107434306,64.81882436351347,69.23331284355999,64.66218501283137,57.58041437000001,59.67929759621087,56.25517808015769,65.02649378961539,51.04845045014798,66.99004087821311,55.896791304881766,62.45982741822423,61.585434,1.0468153291987248
GSM990379,57.92709265321561,58.4983843615441,67.48463510930003,59.57842908337027,52.37946644,59.243835644103896,62.86512312359058,58.93433552539453,47.82251075344351,79.79942701652763,58.73962633002219,50.22234943111605,62.655087,1.1229450544619797
GSM990380,55.27790252146176,57.144216800338185,65.84699497745001,54.79731221862389,56.920386070000006,50.12091064086429,56.93269751571067,51.792212663196906,50.984422279331625,56.958777164312124,53.7259482651184,60.539578248112925,56.32346,1.0216254104858007
GSM990381,49.79886182445978,50.754017176822856,59.211438010040006,53.81684194032962,53.86739895,45.740223089188596,44.389989151939204,52.80111810027954,38.93061938940281,60.62159980083163,49.320562066841376,56.70244407642398,56.3252,0.9835434207282878
GSM990382,52.205511561709606,53.70443078520975,59.56725529656002,57.76469326582498,53.05218179,48.612264027630815,52.28913341378178,58.57529428734416,52.20298885747519,61.46204623604842,48.84308975233529,61.87744739711018,56.81203,0.9933028818156395
GSM990383,57.661950163552156,61.136566242436494,65.54315926313001,59.494911691483296,56.29508216999999,52.84665084126706,58.674647995840374,53.94420883995031,54.028218583135185,63.74928874497536,60.7333385118526,59.56667225177669,59.923374,1.2471440218925327
GSM990384,49.62773403797038,54.39557699983311,64.95756101243,55.19824946562775,53.91650369000001,47.63845162586305,51.555579203163646,51.93174827963237,40.20077267015586,70.86241033090442,55.37266507646297,52.98180892323537,53.54066,1.0722396847476672
GSM990385,57.17361512381423,61.62469766682765,70.46145143749,65.07708341531361,56.98298629,55.33879615223759,57.11264826147193,61.472803111060585,61.72543046856288,63.252902111321816,51.19871607325646,61.14277435561646,59.447323,1.0353389047577721
GSM990386,51.5920380848311,52.35889454144981,61.42172773188999,50.16646587139573,54.26876875,49.088979146484945,47.97286028630478,54.29737575957345,55.08446846867298,50.10085285930609,44.61808366136489,53.73556635573524,50.931118,1.1195009969275074
GSM990387,56.613784044906545,58.11176092901882,64.96301046090001,62.1753216858402,62.659065670000004,52.255583998890906,58.90194265618437,57.28765709227425,64.39830312047974,50.71358648161538,55.767664148052006,54.1570206136175,59.22959,1.0483576061987603
GSM990388,58.71019179263374,66.07300099631513,66.78294522332,65.65088822512608,57.165705960000004,54.82236351354038,60.08177085026907,57.24367849695669,54.513815912254245,71.27408290701769,56.00553787605476,58.32670171423447,62.20519,0.8883103067281553
GSM990389,59.87013756631115,59.00170329626881,64.80106265234,60.852434531743974,58.75195446,60.96912439570066,54.44566768668781,61.05616148999337,53.52402492080955,64.59162039080542,49.94117671090056,58.16820605275779,61.65273,1.0341575571700514
GSM990390,53.96410114326669,53.947654129592046,64.95428850421999,62.81450079621732,54.259153760000004,54.34418841917004,60.56581877948926,55.34638716734369,41.98205248469026,70.02191686864327,49.757437697622144,61.473724787317515,58.545345,1.3360366819554281
GSM990391,40.72147790191741,38.92899371549301,46.99896460873,39.01152573290621,50.0654278,43.92310621597057,44.363594775475235,37.668019608487796,44.6649050812087,43.7975628733744,45.503723118640764,43.40633184425527,40.898098,1.0892302675852115
GSM990392,54.47810685709048,50.60337594388001,57.27135219060001,53.56765966270981,53.68773822,51.29400908572726,48.21074143670771,58.7598400719365,50.96111097065568,62.589016577246326,51.203554828641956,56.20395460165508,55.07574,1.0765830727016898
GSM990393,48.36050217094766,50.8557775880641,55.24756010038001,47.69116335893814,50.62440735999999,50.91942863521611,50.42316166789392,50.46830343954157,47.91517260166506,49.844589614812264,52.20236875265687,51.74208195648101,48.513523,1.0781083124948279
GSM990394,54.02281708535099,53.789175869018585,63.901303953949984,57.25734177196774,57.13586927,46.53667402221418,53.37717323426845,52.91680029014879,52.65757582794208,51.73058217277696,51.95474563637799,52.12118925021719,53.858486,1.0387343328220706
GSM990395,41.337555164011256,44.96958485366597,54.76801878603999,44.460600382888316,48.60979462,34.94498580286554,46.308104905848054,41.82994279664794,42.5246474938491,47.17953536023907,47.639946538309744,42.087878679102595,47.8708,1.094934829730016
GSM990396,46.13549715627798,50.44766481102658,52.37474681263,50.104797360022616,52.51049647000001,47.60467644855821,43.37474135421068,50.86025110197334,48.50985144875506,55.46731630995026,48.18369242801761,57.161776963381975,52.513706,1.1698116049455898
GSM990397,70.50013526106858,73.47343168686805,80.48108873946,77.60297455306517,60.927513170000005,58.64011707972601,69.29783413011039,72.49717929880154,74.68933655905539,60.810789259741455,59.87259060533661,67.10489145027799,76.670685,1.1047660180394836
GSM990398,69.70661457820785,72.44572918816354,82.10977630273,75.89405849806798,64.32752701000001,62.59744503763602,70.10982716064214,73.6904285515128,78.10678040948557,60.53549040625069,63.22311524154717,64.92847959649396,80.13684,1.1807143593170195
GSM990399,77.63840861344035,73.5006840556914,83.04685414113001,77.7010471210354,66.66622369000001,65.93993852709627,70.96141626239245,67.09189216384742,61.8462215865805,76.36630933229952,62.897702609420605,64.84641584971524,75.61054,0.9397745055130236
GSM990400,67.63233143149128,69.01049445099278,75.90427969816002,69.5048934508554,62.41978978,63.785336854633854,68.9592179278213,74.8793118184463,56.50899625677778,80.94995758565693,51.36964363299066,52.879865716307854,71.94294,1.00530671029795
GSM990401,58.71571251828977,61.24923617190044,64.58542223553002,61.941454363871465,59.960843950000005,55.64589498894475,68.4751293215237,53.970642407947494,48.17552714553108,63.398975313345886,53.3195935413905,53.22874795585005,64.648346,1.1911558523952266
GSM990402,69.5684454205697,71.41178533145785,77.45972087861998,68.30407143220451,60.73863879,57.49819642769032,69.17298607991751,70.48521341803924,63.84493023888814,64.01316490938763,57.76454623984975,64.74305310633116,71.88145,0.9149294864743731
GSM990403,70.71734446023123,75.00813197034421,79.71058625898,75.10486125248171,56.711438860000015,53.524042308163885,64.55055795771707,77.85358191203936,69.06735848757728,59.0050756988004,63.0747679024097,65.01401961226745,64.953514,0.9400766047830951
GSM990404,50.77029493539885,50.84086492249723,62.61429024293001,52.3039388232206,69.36689793,53.0295384245301,75.20170271605474,56.854679651625716,49.691824000981,80.00159749886285,41.633114794281006,47.34823185863849,54.65542,1.4469413895708358
GSM990405,65.40086359498147,62.44595654139796,65.77594131276,67.35366788495278,58.715717770000005,59.33408488962884,61.857680046508875,62.38638213789273,64.28469894747349,53.85158819158019,52.1167227506499,58.900135488094286,63.60748,0.9626195761512282
GSM990406,66.97783886067086,70.70709266724884,79.17609227519999,79.27354104995169,67.03855365,71.34921459707172,72.74391045465029,64.93531419843318,61.37553577531895,63.949763836708314,56.12562529894859,67.60166120118981,76.64663,1.086082236731265
GSM990407,67.04609537211793,66.91086198958723,75.9386106912,71.05965703600857,60.11806765,59.88874246151953,60.11069474418471,68.83666318938432,49.37311366266954,78.63495492011256,59.686314706197926,61.02334222237966,63.512768,1.0156450353925177
GSM990408,64.06801179801347,67.54510752178473,72.96854563651999,74.89345062948168,63.803211919999995,61.91396408742667,70.97907312403211,60.89865987120123,58.53589742390699,59.03600531942726,54.017802342488594,52.16606867935375,66.18404,1.0796541710820096
GSM990409,67.20389987427271,72.58348604773238,77.04568545817001,72.32374037983197,60.522381800000005,69.52673563928744,67.77117370738793,72.81967974072198,66.18194553783252,71.83482088252953,59.104806211566185,65.49879984790019,67.854324,0.9575700834060643
GSM990410,65.75523517805271,68.69565645950819,78.83694315844,77.56839620111273,68.58899204000001,57.763832815404406,65.21855901481115,72.25098858604471,62.87330832509821,69.35468499452503,52.299633530511926,54.660512496757725,75.61973,1.0057634592770213
GSM990411,60.142790140243,60.524048287356536,64.73217264434,58.16797243596112,57.54457781,49.690013727397805,62.18898457746832,49.254618952772844,52.082489117328066,52.544783579460955,53.408507439484325,54.31400395433368,61.41602,0.9341723441469187
GSM990412,75.04746932451036,69.51487293910967,81.94439655417003,82.59628335338952,60.01508277000001,61.794359609997244,64.73632664675054,61.175487050101374,65.01461606389745,60.27867947652217,64.38022791333437,80.31329310100813,77.590294,1.0121642123883237
GSM990413,51.90497242504922,55.66243366886827,61.698377558900006,58.724883803181704,60.504059059999996,48.17939181519444,53.14804523125689,50.31030235306576,50.68717714805308,57.10477989786639,54.324731250849226,47.20272646240098,52.58636,1.158576526606131
GSM990414,52.93830548348153,54.252667576977835,57.85079870186,53.97700523447417,52.542899770000005,40.86282473113377,49.763276460835826,52.57635439597348,42.489362982915964,62.58618439173469,50.33318879523584,49.03367220367668,58.44328,0.95025039151084
GSM990415,60.48897250503547,67.70664242452723,70.04166752018,65.03932363048453,58.76284206,60.059214025805744,65.70831025223148,61.90192021676559,55.8450216253874,68.31813980965109,56.898825030964204,51.41897858836291,61.821865,1.1069580321500814
GSM990416,54.66337746912306,59.354414298898334,64.24341835144,58.74955238519744,57.54924168,50.24222819015899,58.94931500568589,59.04616349356995,55.04569010252061,60.259962686567576,50.04947528614474,48.4959029108881,59.2171,0.8745130510718453
GSM990417,51.766384756911435,52.046911376752135,58.406553419119994,51.58344483408457,54.37257439,52.52251706939019,54.32785168226484,49.71568336697067,44.27077791231437,55.71754416953377,44.25608595695786,50.80965582388988,56.029186,0.9385294358649219
GSM990418,64.73853073926023,61.20424510654541,67.25471129022002,63.64923410225375,62.54907556,60.07304314410331,62.68693477629687,57.870686046382076,49.36367860383069,75.91952729099103,53.38420040352847,52.835788789826005,69.36597,1.0580076665363491
GSM990419,55.53919350717502,56.19681761355599,63.80199850531998,63.642592753014426,60.566856650000005,46.87452639705651,56.300489128171414,54.95087910487006,54.28277907999109,52.92363203328216,49.42527469891266,52.72650775389051,56.106293,0.9266057401383119
GSM990420,58.89869890767952,66.83897448261246,66.74312358511,64.16753541427117,63.9288062,49.19582731173719,58.39453127405869,59.31443410470558,56.90202368329801,57.11682500590729,57.50222685839764,51.010219927400705,66.50103,0.8432916931085777
GSM990421,88.32395339124001,84.48259514195045,85.20368466423001,87.21131809161074,64.47324057,76.63407680389591,77.48820565112486,76.48067002410738,66.32168668278752,76.52258368870304,66.95688061174201,70.68309977764639,87.43998,1.1120928235778473
GSM990422,65.44449221943984,61.42218608290085,71.31715432114,68.88761128690996,51.555925450000004,66.15168094720661,55.905238627334285,49.40543277396117,18.8484025443679,85.68390578961126,44.16373668142745,57.35004320732943,77.05221,1.0541349744820623
GSM990423,72.13170161012198,82.86566651605948,88.67858581895001,86.31445675605838,56.23399388000001,43.20978114939048,74.56675040953044,58.55645675010939,-0.5985426114471011,140.7624530970713,51.84411589532175,79.59358883151913,86.75432,0.9928997024094353
GSM990424,69.64441544439003,68.1167103763048,68.39404989261999,68.47581766456913,65.14822407,59.13959020830048,62.38369341666429,71.86622226634648,64.35605608027902,62.109877040300546,58.39175043122057,66.78927107541784,65.59934,1.1084706777137865
GSM990425,63.72095105420313,61.16167310055312,63.62523055484997,67.82380762290246,56.81514335999999,67.39159128892803,47.61597777179725,62.13531766772128,55.32262284411996,66.03770153212099,53.657879959974835,61.151316477450074,65.99737,0.9354805765459198
GSM990426,60.750532913123635,61.371480188465725,71.50704685817003,72.2961070975803,61.31834201,59.4958369583089,64.96475907948724,65.99553862509904,69.26403898513729,58.960080382905005,66.81441764867208,72.01580827350651,68.854546,0.8118085053119335
GSM990427,90.20613417839404,84.0107044334434,91.13271716864003,89.99474319433835,64.30967719,68.5303083293405,81.22999558142712,75.378870789775,73.19726858498063,69.91996403500048,60.99925426335604,80.5984431390815,89.69413,0.8839783049959289
GSM990428,66.46019065338413,63.562306070642975,72.56062313341002,68.6733530846201,59.28733796,64.65919026158808,59.187640043655264,59.995248526174805,50.29928068036992,60.17521366662311,58.2516263893085,56.761218483980464,65.35434,1.0614556722960784
GSM990429,80.09178682533431,75.60543474680198,80.59609522651998,73.83317303506254,71.14367498,73.09683733519502,67.04561388151805,70.49151114569884,74.4636173784524,63.80729041357762,67.7117588336356,78.70567715947266,78.395256,1.0663102331999847
GSM990430,50.576528383302254,53.98982907250218,56.670270837760015,51.84765445661269,55.759494180000004,40.09387938187109,44.14242126626423,46.43197657649415,36.29112475887166,53.97999984603027,49.73975497681094,48.92520457729409,55.714245,0.8632803674467391
GSM990431,73.96871085624166,71.23006417769469,77.39583049699998,76.34727366814408,60.5847084,66.08278366886749,69.58062919768709,68.59747592080106,54.98646816597545,78.55785887108266,55.87615239624006,68.14631196217513,75.27167,1.0173290602762297
GSM990432,73.00421441904521,75.85374818887337,82.90162268981003,80.69532632907708,58.40874259,61.799815847460415,71.40360813810024,71.13284206810559,54.11101396378433,90.04413211514253,61.003496168978124,66.30158214243514,70.147896,0.7499156480012517
GSM990433,45.230207179792025,42.903549087206514,54.16498792756999,45.07205235494617,51.056403100000004,44.39287656973761,48.63061278487132,44.847590585944495,41.17725419065431,41.68705719132842,42.39772068739071,37.5709132101478,49.614746,0.919238004067167
GSM990434,81.17038481509067,86.12017576191485,94.36647041396999,89.12654006126925,65.90042027999999,73.4863087129773,88.23234499264672,81.40642354189097,90.56018820431916,66.55046562125477,64.97136176229066,67.68506626575441,91.733635,1.3017634156224551
GSM990435,56.04806206730911,57.93475984461447,66.18044563072003,61.007650514520776,60.154057359999996,51.14222279388626,61.74257570674915,55.71325939342529,53.21063288912188,58.83048377149646,53.359710238824945,54.54101437480052,62.054253,1.1952310924006002
GSM990436,62.63888458848976,59.07956526523964,61.70797634816998,58.83333358866516,59.725765710000005,46.200801009011265,47.1297754773679,54.854860594328635,51.010801729711204,55.997742757424874,56.935451718660104,51.122119191813944,57.038998,0.8906982974452404
GSM990437,51.366126572082585,59.78411170368312,68.92184818665999,59.77559365475613,53.48342127,48.23962707230816,61.53555370299921,60.11534184940643,52.16349128484654,67.73393152940062,52.71429557043703,48.44080302440167,68.50762,1.102731234502948
GSM990438,50.005390723515845,53.94587053412504,54.76796043028999,57.05243762400986,49.73515658,38.200009998431796,44.82210681457207,54.74817965433774,40.82634376095632,64.42351298979398,54.265736462382755,51.87835362805206,54.324577,0.9151804174963627
GSM990439,53.04583050932656,63.36695486134538,59.97938950987999,61.398563049165965,59.65061046,50.481373678417626,50.686329669021944,50.18671586221971,54.452686328294476,43.18685016549858,52.86750305163076,55.74595730791527,55.35174,0.8532961094957976
GSM990440,62.37055777068504,64.00782998285706,66.57279692486999,64.14051936654663,58.73005345,52.34567298757548,54.09467117622454,58.819163110560396,52.02148986024713,64.21675484718975,57.40749669345307,58.819879973448955,65.33872,0.7940728532197563
GSM990441,58.8607793920555,63.887839066067855,74.68055737697,68.16172766840349,57.195626579999995,52.29337085036936,59.90558817982081,65.26173081221692,60.95292659082014,60.70649241900426,55.354050088333885,56.93883916344419,61.774498,0.9155668246727635
GSM990442,62.35581541902173,63.816318798539484,69.52103657359999,60.295413926262604,58.76076394,51.58065040560912,59.53273469245238,56.62384568339327,51.68600745406479,57.61254674218509,51.15840149089211,58.96161669180898,65.60277,0.9990034536509476
GSM990443,73.49852633523557,78.31145897809688,86.96153426222,81.92298570963023,65.83988439000001,78.31500114960882,77.376671971847,73.27998591299695,63.4011096444745,76.70455098485456,55.3362419002502,60.352165533735054,81.67541,1.1155706714702005
GSM990444,53.10189949309197,48.80767290258186,55.62684872247001,50.91571648732433,53.89067692000001,40.73345921311398,49.632629304082,51.94052036820798,46.66562743756447,42.843810509321884,50.218042543502094,52.28345383988374,50.657497,1.162903094847565
GSM990445,73.94524077874402,76.18303103648162,79.69930832517001,80.89410753487782,71.51988408,66.86074036926283,74.24349333434499,76.72046965987352,74.09649157936201,66.65483118088619,60.92258188261531,66.96561774483231,76.90635,1.1437612809041142
GSM990446,55.099689948440805,58.94942681438366,65.26681031075,55.323567424349356,58.79087089,52.539140378346886,54.26426881770357,48.26446203734037,49.60135378717456,52.41266065249238,54.496963948554125,52.33512958980439,53.513615,0.9816646967805935
GSM990447,66.43265400573381,67.71485596415216,77.99119869533,74.08320421553772,55.08991437000001,66.19151438764919,64.65321724639792,62.38797681547524,44.73821899494703,77.19784402429062,57.28827566036702,64.92228759817655,70.46867,1.10333649575903
GSM990448,49.67576557895023,51.143900163024455,55.47196350028002,53.31390200846679,53.78087761,40.01488178451359,45.10836948783173,43.998852779941345,41.35436189944363,61.05307844246215,48.53408426613525,46.002255312682685,53.263363,1.0633895328149747
GSM990449,64.41360325268853,68.11662552408418,68.92188219964001,64.36640184955245,64.81068525,49.998864882948396,62.84274252955218,49.60195752304303,52.664921945909896,56.86137035795451,52.57243323293744,54.31838083184774,69.58084,0.7854707661575451
GSM990450,47.8588092956532,49.66981929030161,56.397463004270016,50.19002083079353,54.03265669,45.730698259342624,45.98589294011532,45.799878705431034,41.58947982466486,57.81414942741253,48.90883304459702,42.10379687141896,50.549465,1.0399192719416848
GSM990451,50.09961411478274,50.84359350760204,60.55097245316999,57.934702772393784,51.45588845,40.49121726474108,45.87424146223162,55.93789394447832,45.26525313131032,58.70613140734724,47.56507434976365,52.13092962899329,54.676834,0.8626611478250732
GSM990452,92.8982228969801,88.71909113810497,73.90111995665998,73.7106817606304,91.51882641,99.41578891021096,101.11651676792425,107.22375330818238,91.25806258906113,120.33078608252674,82.86161183587271,87.64795725367142,61.525074,1.5954019824268522
GSM990453,63.50332309163771,63.68925156584082,72.4326362853,69.71239162958048,53.442246690000005,60.37527362678836,59.61434012780494,66.06438592995201,57.22169786344136,65.11067446767186,52.487663354354396,59.298965844600964,64.98823,0.8910873893530344
GSM990454,77.88667841,71.71234499244058,77.02917552109,79.01348308271923,69.51041278,64.67079729850275,71.54936779698939,64.89040477713185,67.57372954991706,59.20524450394453,59.29915943884994,68.6604268906519,75.007,1.1389139996925426
GSM990455,42.20987318557785,57.81823358980855,58.07177084589,56.85832014430391,54.79658678,45.571200021556194,58.76904371310102,45.34455074459194,38.062617900026794,52.73076033500803,44.35009055709762,38.18905785519909,51.571827,0.9641530118689632
GSM990456,62.13557599486943,67.418577326878,71.70865687352999,74.57410625794685,62.103859570000004,66.77881062162578,72.96708851338849,61.89805007540349,61.614644833246075,63.39624921559533,57.88998281713739,54.57833569037562,69.36347,1.1583829012414428
GSM990457,75.93332489621476,75.57752697795924,87.71652488108003,80.28849751715892,69.97225351,76.43181335094926,83.7573270250835,68.78962209034518,74.94501108232538,67.53892941522736,65.89751509749894,76.0730205878088,77.13131,1.2995686064616252
GSM990458,48.040155164320694,51.61482675513706,60.11070257378,51.08318228762261,52.471924900000005,41.08510695245513,52.332163451913694,48.370689929932,49.862588684203956,48.394182170372034,51.54685081284879,53.21026676666238,55.57114,1.0229677144986626
GSM990459,66.73006315006435,70.005872465346,74.1089080695,71.91598248121996,61.044924650000006,58.05394052416992,64.41390868122822,65.49106936053747,57.56398620646928,67.4760014637713,55.34084896383685,59.18768974924955,70.13872,0.8690354775158515
GSM990460,70.43513458172754,68.62781634809629,78.53748562720001,73.5989821635043,60.628892879999995,65.98563040874619,70.01962418765785,71.64938484514425,69.69667874192339,73.74339393144953,58.00268631656658,63.661332153390326,71.65655,1.0661121682492114
GSM990461,54.23416143086739,54.85024013759431,58.672716977830014,54.79676126569583,48.400848872,53.05737596761422,48.56007212989125,55.55915143948154,50.38468022779995,59.77529625439283,54.85277224601627,58.61294946428773,57.010647,1.1031530747405969
GSM990462,75.55606648949274,75.239981855092,75.95245644181001,70.04715242402715,66.44968601000001,61.42228706096123,71.46642350525748,80.69210269222465,84.65594196579417,56.11301364099472,67.83944391090287,77.56164372886289,76.602455,1.1330781687678955
GSM990463,75.98558172853532,74.14753617558847,79.50764689608,77.83604658843656,61.36655896999999,64.8689667109582,71.23297594915225,70.07762419766276,61.46125031610029,74.18410691273507,57.11815716604463,60.13254727521396,72.713104,1.2387696049916208
GSM990464,51.145908759969714,54.435199914376824,61.228878399630005,56.97593195109829,56.239783630000005,47.17686024122705,61.35730009660651,51.38889868877851,57.41800928522093,47.40556383464309,46.14595771881682,47.26853428668476,57.096233,1.1906968228259214
GSM990465,64.53377729817792,62.52862720674504,65.76464473194,67.30555538653601,62.229256830000004,53.70238962120868,57.70504947818155,59.57732256339748,61.666232125806516,53.400282092456905,55.61006029708811,63.64711951375593,64.00575,0.969967550035078
GSM990466,72.95344959506238,73.52080299137481,79.52510570027998,70.60084361379766,68.54368052000001,68.71889690314961,69.25998228744012,72.1833391388634,71.25009790901106,63.0860454999999,56.10659427519589,55.696374449112504,69.87356,1.1038391833189127
GSM990467,73.258496886264,78.92143331422406,86.96676565421998,79.14887610708419,65.95688383000001,63.65594518854762,72.65638106699637,77.95280841526869,80.72243032948336,53.64489085234044,43.398993737040804,68.3606658495155,73.83265,1.0414997248778226
GSM990468,67.8573262491538,64.6621868755552,70.52329579434002,65.91744049894527,61.296381950000004,65.9520331450959,64.72987421708679,67.64055763352388,68.74284508483481,63.42488976596465,64.50405158918404,66.26626415497262,65.32325,1.148922683971687
GSM990469,68.48969006521881,70.62754078652203,77.29980445515001,68.02842477670393,58.68313228000001,69.7569598740825,72.02189085841884,67.30207417603359,69.1420983618429,59.30988391381172,60.34539733805726,63.42459387606497,76.39884,1.1871749048591056
GSM990470,68.63518132919538,73.9104382912317,79.89785478077,72.89513295749059,65.07486985999999,65.78833034454473,76.64759369423915,65.78901450019855,64.43777234720261,67.58545007888921,57.22450624647778,59.44870538836313,68.97192,1.0752890112957594
GSM990471,72.78586529782666,68.10572182441283,79.12348889885001,77.10272822885062,70.19748359,72.48190111137623,78.16867041060948,61.78494166252673,77.42776795022093,38.00712255597898,55.79587931801319,76.44765509301286,77.66992,1.1782263959823887
GSM990472,49.13201856542692,49.86051493825447,48.058404196249995,49.630334029012275,51.117633000000005,39.962486613114926,39.82358490290416,40.707595259318154,41.64973068093809,48.11939128635362,49.718186148366684,51.17904677196527,51.17001,0.9998468606793578
GSM990473,58.170931797924595,61.364939804861415,60.37246805584,55.29840955030583,56.30971224,49.954563557148795,54.84465524072953,53.16189175178498,50.25247341392088,52.90861315840681,46.467532308096686,48.695625898491606,59.35946,1.0400594021239709
GSM990474,46.58910181961066,52.69171984742598,57.32709157062001,51.75989739701122,54.22582614,40.79737657292743,44.666427088291854,44.327719911086064,43.60470661136401,46.92424099405412,47.977333435065674,51.89855305441525,52.775654,0.974954297195457
GSM990475,71.02635139047464,66.33816888389835,76.67641130326999,70.38344945211416,65.06145719,66.48013719998816,73.16701830541423,62.09068965761922,76.15204101579695,50.025235553945436,58.41566587935912,63.597335490246046,66.50074,1.1949322484677452
GSM990476,46.18206592746472,43.4478896868808,50.27905880203999,45.932670642978614,52.381687369999995,36.567658193374335,42.40315689830396,41.84773655946304,42.731158328343724,46.3030065568681,43.744207070670406,51.75491214661721,44.346416,1.1316045580667942
GSM990477,68.75130990102058,67.65533932813594,72.6107474137,71.82299125613721,65.65134051000001,58.23186666944511,66.04409880249415,63.561989404284034,74.9102014102977,56.13401424578271,50.57275719525039,60.57249100710785,67.5697,1.2866572260178848
GSM990478,61.20058337131195,62.60355103939156,71.18755435612998,65.27340398733645,59.30127295000001,62.22316151916405,62.23180380623473,60.564783618130434,55.00512213817416,72.2451632668517,58.56406170811849,58.59036093416807,62.387394,1.1292481226484026
GSM990479,45.793584751850574,48.29198425619039,53.892686376780006,52.15912148040708,48.65508581,35.63830108160469,40.356039456911404,44.70089298788663,39.601739664412264,51.588922813914564,51.53358345227194,47.17311510983409,50.819267,0.9296638570409124
GSM990480,35.58307207812113,36.44536665831621,48.04623894667,36.350865020438235,47.44949324,25.6771077186293,28.252367842101084,31.778144705921363,32.498814956419494,32.54863681190636,46.6956093458508,33.82475509130119,39.64831,0.874253707524778
GSM990481,66.11603151913286,69.89898905052944,76.57307626766,72.94091314751715,59.521247790000004,58.24007692926747,64.05761742407385,66.71968308611895,57.45331992624432,75.78833794180642,57.36911187643345,64.25769968282498,65.342445,0.9899497817390011
GSM990482,67.34937413157601,69.08147247371149,73.16213812522001,78.78759100958085,58.32647506000001,58.10056120535151,63.85906180668219,66.53201133773214,62.90635042242826,58.095678709871834,55.32609768195713,58.85440328743241,72.484276,1.0412853312439907
GSM990483,47.57777070166342,46.59084384196841,49.37429463493001,45.93040256933377,52.85506968,38.42400528263243,43.78544378127761,42.847308082041245,46.040160617321135,47.60123659849444,46.3266317276543,50.42783986563369,47.487972,1.0340252414076936
GSM990484,68.20864522172724,59.79239231384623,79.99180491634,72.67852801188566,55.0633758,54.015245649643404,59.497859441855965,63.88009278968104,78.37279313742971,42.39952807308822,47.512386734707476,62.14314348140268,70.75851,1.0701381860047285
GSM990485,49.697148512673984,47.168234921457056,51.93073461501,46.16083543207767,47.553565479999996,31.825306943772105,43.79487262615064,45.20003061082807,49.07627749079319,44.366537004417296,44.66820844850681,48.55306700573046,52.7242,1.1126148103499263
GSM990486,72.93250140069034,72.04712909971188,86.76887783536,84.54668401848289,66.15541638,61.14536674406051,72.01173560041441,65.51913584408284,84.82728014837807,48.82508084521885,64.59669436353592,64.98860707776163,82.57457,1.0943044164817288
GSM990487,53.51476404917351,61.21190881535693,63.04847889439002,53.51244892957145,55.66978214,46.231194181979674,53.88658706497892,49.0116412922313,50.63729485260126,56.23200807541929,48.458872984254484,52.758614088176465,57.750492,1.0585927196922387
GSM990488,66.00446865542686,64.8396956872397,73.70359299737997,74.9744966463982,59.3236694,62.147963027910386,62.335192596522496,67.82680252533115,61.30630934326126,62.63452905528101,50.21010257600929,61.25304786187066,69.67892,0.9497668424304189
GSM990489,67.21816855400209,66.33066840080542,74.23767820156002,67.59264604231748,64.89385427,59.66171613296051,65.59611038081454,61.418873917819376,62.110497924633194,58.52961098790857,47.0993276639075,56.25817215506658,72.32261,1.0912683522898563
GSM990490,31.2432304148611,32.82360214825539,38.937245283970014,33.65811317630597,44.30743183,29.54513932245304,27.347205166488333,25.610672266263293,19.446847477807523,44.079080094315344,41.72600831350094,41.17932287756596,37.524433,0.9142611836955115
GSM990491,68.02701093681651,66.57733375687859,73.2994268093,62.857882921325846,59.83531513,52.56198459577997,64.95337847587902,67.99238599599167,52.845140871059016,80.25043512880995,53.91388108498418,58.271917199757105,65.55504,1.0233222517875658
GSM990492,67.59653282341839,71.7622401292348,76.18202942442001,70.90044328903153,58.11187891,58.78043245641594,65.80242213657444,60.99653608462377,47.80392971111576,71.06347739688528,48.321647133908584,52.11984391966724,71.77563,1.0127514423274318
GSM990493,71.60947374242691,72.7626009998501,80.88390734381,76.7125958410146,64.57927527000001,67.03308504329098,73.96318234814915,71.52482337316818,66.84959991564114,67.95993226523706,58.41230872503128,56.60180054339096,68.25647,1.003564479223948
GSM990494,74.88252186976078,79.562979021477,83.75865927448,77.38037727126348,65.2805957,70.70188930674006,77.42091652473324,68.9259392302469,84.29259903995512,52.38775985981715,62.73519727290939,71.18777991891261,70.99593,1.0169522707561676
GSM990495,72.89897128080437,73.16805106356,82.46952594979001,81.73616217696278,67.39068258,62.61100726111295,67.25526165277111,69.86734188834956,62.208804434533306,62.0824750887497,63.563427784892696,64.66804178507513,69.32282,1.146308197783279
GSM990496,62.26956918397793,66.56194584156597,74.80011313846,69.35531579625784,59.97074592,59.365273669392,61.03680389708372,65.51064986246345,66.25835726678827,69.1657276516757,65.90957647827342,67.17396703933929,65.34077,0.9538116656427558
GSM990497,55.41174957617704,54.65552753543905,61.742028303459996,55.29870611015874,64.03953801,58.299186861454395,62.90118403691005,53.91920365958368,53.53856211615977,60.68602711129196,55.829431886239306,48.931784655014546,53.203373,1.1179754125881438
GSM990498,57.64143616060187,61.79921967885225,65.45075102272001,57.401213147332264,55.81995134,52.74487169678069,53.434925535711926,53.16521965116789,60.72897363419452,51.32874128712007,54.89206763353798,59.69525434563311,62.971275,1.0705888574528504
GSM990499,30.55251885328311,27.635317915019343,37.461207951880006,30.985789798124785,47.70697102,19.34770128372928,19.873676183657206,25.981502830252317,24.961060782781033,31.746758138692996,41.44428937405986,45.72936511724284,30.489573,0.8339813086925452
GSM990500,27.8418538221348,29.70960227584228,34.06449529251,31.790102907952885,45.79750736,20.268456688356636,25.98209794581659,26.54904521919643,26.967696559861224,41.7858745983599,37.15396588072217,32.66509451889865,34.094013,0.9842214419226412
GSM990501,51.830235917226325,49.424457303790106,55.593706738250006,46.33439136338366,52.87897032000001,41.83759153004389,46.67779645389992,46.3688916929403,39.17579776525349,60.92553557902298,46.65892850099125,48.04412420737952,48.947987,0.8281711398993943
GSM990502,41.15637264926899,41.025757844755375,50.31635902536,40.41625941628938,48.95159930000001,36.3408448195438,38.59893309168013,36.78347068898701,31.511184231337495,51.74142905803194,45.767897969496175,47.40947500323556,44.015865,0.9949921603169689
GSM990503,46.45136382144712,45.99808702697331,52.533719564029994,46.40726591144117,49.755007389999996,40.8348875775535,38.39641453727793,36.665344812750845,33.70055170215767,57.895084790468445,42.83479047538121,48.57960155119958,47.391754,0.9175378034746446
GSM990504,27.532275606219155,26.907507009754827,36.57375777317001,24.000224267755932,46.50688615,21.10708649582274,21.433354216043593,30.66445353885871,27.454900515163047,37.54515356152842,37.509281070620034,41.41617024752721,28.6876,0.9072998955394733
GSM990505,51.62646952094269,48.41671248514702,56.272045653730004,54.28961191260785,56.11062939,46.473847348296665,48.67637845021548,49.60020137864343,49.94752835773386,55.20784335775528,49.70008134268156,48.47845945004877,49.28423,1.1417104731550285
GSM990506,48.773824895213636,52.64831013232276,59.0987720569,50.870497310259765,53.05224254000001,42.26842816237822,52.99039222724516,48.39979980950052,41.339747474891055,53.085522723029726,47.71608162579979,49.32675663351002,53.277287,0.918333056546125
GSM990507,38.8608748081524,30.511128643463998,40.14545766943999,41.07774646094777,51.17630761000001,23.06150368415176,32.48768932574596,33.24719199924296,30.589829775123576,45.93486230951234,36.5544364228334,42.784113278513935,35.662617,0.9654502624653074
GSM990508,62.207355784339704,60.16864988501398,70.07989253411,66.68494042791542,59.58952384,57.655221417531266,58.77211661378331,54.9592423735946,55.80261298386637,55.898853281857356,52.25638953348373,59.89980265977456,61.417328,1.1083260672932016
GSM990509,47.44274693050773,51.455537281944196,60.9621874629,58.90869927414963,57.56323151,53.351529756931924,60.52480800215257,60.7594255059571,61.90950562779523,50.73841344223456,61.174353397286886,43.766970851032774,57.161945,1.1802228852902192
GSM990510,49.44057433146658,47.911220114743585,53.93021373117001,44.55374541112491,45.05338022,45.58841619968325,46.4614494529156,41.1738917868143,43.17268530278096,45.05448744488905,49.355738747773174,50.136050547686544,56.23479,1.1420381955609298
GSM990511,56.149322376495654,50.484999346147916,57.62013161440001,62.98195483114702,49.74492895,45.6623454148462,43.82347042194684,51.006121686848616,49.016080263089975,58.561172785062524,49.55221477772011,62.51538737464977,58.278114,0.7912927411801185
GSM990512,61.78213297168229,63.286500183883554,65.5291431039,69.44641709508862,60.74359853000001,56.90950424590065,53.51542697072635,63.928023985971414,52.34829932473724,78.84034962505461,63.10676606661205,59.047310063307,60.77029,0.9585246556377425
GSM990513,65.65074734071368,66.90726389311082,78.19228331080001,69.37417045326623,61.56979077,64.67655628092487,69.04914545377328,58.951795786246876,55.52578895162014,60.19308153607287,56.54954143829346,57.77472394846945,72.365074,1.0196825244896783
GSM990514,58.88304807580725,58.46565782223492,63.10357654509999,66.97534557410633,60.925858430000005,52.398287342927034,50.22574869571616,53.38316570938111,62.662867801999255,42.65233053797971,47.15079676234748,58.82852648655598,62.124195,0.9776648611002328
GSM990515,47.26665848518611,50.090018431063235,53.315669157060015,47.078909123488415,52.93558584,42.86748772296377,45.026206289257914,40.663945460745985,46.85426828336898,50.24880256297715,46.054351204353466,49.83424938764738,48.803097,1.003062232858671
GSM990516,60.93327291553445,58.25089758819919,62.55242571867001,56.5486731528827,54.534254870000005,49.48258625457328,55.65049644014677,50.354673779411804,49.252337151319864,60.332970017225534,54.92335748442591,52.585497923291236,53.961708,1.2911878712711795
GSM990517,27.477338223076792,28.483857119641094,36.33236402775002,27.651752977169956,47.85826929,21.06284883032285,24.90980223800301,27.363082771392058,12.079103742552661,55.52514228693684,36.460404376551544,40.05102814075379,34.41637,0.9598499785372874
GSM990518,18.83812047150864,19.139117986103745,26.84465997508,21.305531798291867,47.034417250000004,6.524747634547637,14.978570554899346,16.343804202912068,25.239394696057275,28.869529990706212,34.58856779629386,33.984589715293644,23.622314,0.9111986742236315
GSM990519,43.89685067436582,41.91689159099846,44.45238688411001,48.257376597137515,48.97567968,36.11528717958774,35.801043358311226,41.05105946159853,45.78469903184367,29.235024699534137,43.69973917053255,46.71439526402623,46.039234,0.9143526675473126
GSM990520,47.0389502904214,45.925712370402536,51.07337272257,47.63829456939336,51.897832750000006,40.26362362249964,41.37675787723295,48.78318747604392,52.051972868299174,43.11015633144842,56.47502869805895,53.002378982612576,47.658302,1.062499125251191
GSM990521,50.21063429910657,53.0053650291837,55.190427177919986,47.155119374388796,46.35079711,39.13411071923361,40.561121242487204,52.61708583944117,50.65295697331146,46.63547399139671,47.02563974121546,54.339540205045445,47.79011,0.983512260246528
GSM990522,41.533042165661925,38.827677441038404,46.299119237,44.428922897793925,48.69931421,31.071472110562254,30.335760680068013,38.792816051059816,45.51659690989442,45.4743491015758,45.65848337336388,49.70605991996653,41.01488,0.8666439934949992
GSM990523,28.582487224748853,32.28993411708723,35.334069154600016,32.51774900842731,45.636446930000005,19.300096814153733,25.113900585695433,28.548659919205406,33.73986289549191,33.63532958125816,41.40679045988553,37.90368494486406,33.821316,0.8980543154463174
GSM990524,56.87192712718275,59.48128583234112,68.45624520228002,62.731575541693196,55.39979731,49.757922400559266,56.780140891749696,56.68961962373348,57.15480736976917,54.0882461362184,49.14179558967686,52.710050704722256,63.782635,1.0865347536017498
GSM990525,31.433938933230525,30.62049492799377,37.79017362050999,29.341639397270086,46.552384690000004,27.874825761546717,30.68712327541246,27.798084726498445,34.492587522803035,27.20056392168138,40.9478963845598,46.640897594643015,31.093082,1.0732468388160283
GSM990526,51.58837576168018,48.70073447932327,51.29041018449,51.047641702904656,51.42552196,32.2221771391944,42.11485949758027,46.245129461050524,36.48497746778037,59.28519626067856,44.75098148629605,51.35209829173484,56.187637,0.8164524776066897
GSM990527,57.30176253526647,50.77074516538562,58.275826947350005,58.651966120098905,56.894916460000005,49.928155898810544,50.92189773073962,49.06842076954735,48.182663858625574,50.40063557579191,46.452502966267744,50.98447367115113,55.784565,1.0002644115563764
GSM990528,20.70848362212258,17.58265494830109,20.052990478350004,15.986463036687102,43.322399770000004,7.7117658929959845,9.418337723382255,16.563840229099256,23.828171254654706,28.95668031471925,31.873720433182598,32.63706099267521,23.597942,0.8247620338778359
GSM990529,44.73985041130721,47.16155505990216,49.757345391559994,38.920645687484964,49.7442714,33.79776530500874,36.910663264181906,42.76726171481606,38.28270037650242,57.46667979534038,32.64477636282741,43.26961749212884,46.076134,0.83749903457963
GSM990530,48.24125514133905,48.94770544727278,56.290494018989996,57.86770183911473,55.384397910000004,41.79579878013313,40.28814103561588,47.191216072520916,45.417105956527166,51.873655982889375,45.27694679982974,46.997150977470106,49.67662,0.7337455128256318
GSM990531,34.5509032147741,33.62626297896287,40.40279808632001,33.57162208087838,49.223705429999995,23.10698205199583,24.734292402820056,29.114004796186777,32.808184397529885,32.34823046738845,37.6042487329763,38.67033709385077,40.442802,0.8432550702005281
GSM990532,41.89278816440881,40.180854777543374,46.24040590733001,44.38658747535948,54.23106517000001,35.94004527346259,42.80964977778244,42.409435138662005,39.7262351969315,53.650622171543716,41.44561154901803,38.16097693260101,45.856487,0.8158460487742825
GSM990533,55.80989502649763,59.457259852204686,71.60761251579,58.48075752158557,54.617993059999996,47.9288027340667,58.17896910711356,62.8835562191574,43.39471816049888,66.33349685932785,49.6854506760109,48.85330521818225,59.356762,1.0095892573800076
GSM990534,31.618016114732036,31.707917893855488,37.70327327434,30.400571821462513,46.524421399999994,22.98048405949038,23.56759660124841,33.78824850441761,28.543806572519998,45.30009137318149,41.31155516525804,35.81522157640453,35.86266,0.8874767256381371
GSM990535,50.54404747752584,46.77822712813098,58.36436591455001,53.02956342244039,53.95581749,37.45144324415646,47.55052175594865,46.7508021403505,42.875293840134134,56.88414231276806,42.634477320130195,41.884859367589364,51.82134,0.895674730063335
GSM990536,39.12853873437224,35.51381880540048,46.328626789084005,38.52162591655124,52.68311293,33.439255015351335,31.519407063332597,35.381059929647314,34.49221779560446,41.48112359225752,37.42380898978271,39.92599565920789,34.66464,0.780819315779945
GSM990537,31.134265286620703,25.40836937329386,32.35566392655001,22.336852666758027,44.250481380000004,18.414266963076983,23.575630584779304,27.01484173500512,27.043581800107177,32.09325043179331,36.11367650428398,37.717049783308546,32.388046,0.7985622729837267
GSM990538,36.00012716677661,35.980863747724726,45.14840153598,38.098529374177716,49.506856408,30.51986209344895,33.936586685604354,39.622602099328795,33.681956042772356,43.18885984006215,44.63465883589751,42.33130383027659,42.51162,0.9163257407308731
GSM990539,16.091736257777487,20.93494713539955,26.939454950230004,22.31679257567645,43.20827790999999,19.87406622444462,18.739787403919955,16.225721969551984,18.198064139034614,30.23241404886008,32.82856362591782,30.500838143911928,26.425144,0.8905259946769639
GSM990540,47.62516821331049,43.67034103184611,46.939862364949995,48.89376964100802,52.73795813,36.6596759062562,42.86072639884739,43.9693961827727,42.393636806521954,45.237370492310134,38.733402793844974,41.38193510469794,44.152447,1.0495395646733077
GSM990541,21.50825826502016,17.239842973844407,26.51861748199,20.28808394075918,40.43374618,10.585981080799101,17.387390267833602,21.60774571838425,17.385065161665125,35.68763036903243,33.005023609837096,28.608203097421175,25.685638,0.8594960606943729
GSM990542,36.59691912988001,36.00417132525571,36.55461052222,32.820376809594414,45.07331777,25.707869659373955,31.287728601251082,32.78396631174267,31.143550066974342,42.358530555713486,35.00703987426289,37.43267158074074,40.790707,0.8873113640656338
GSM990543,55.407914321052104,57.53119990564663,64.2556513863,62.81141328106459,58.17209087,45.89484382579358,54.42486007082563,54.48451706522328,58.407481358828875,46.84897066438484,41.358501738720754,46.53534216816035,59.20759,1.03381832626922
GSM990544,81.32988096697137,76.05395574798219,82.89672419335001,76.62205441226774,70.9733755,70.93141689741236,80.81778829519884,71.53502463602156,79.51941088098113,62.26165783319715,60.54181301463141,69.94509138329246,77.76391,0.9730285679005362
GSM990545,65.64387155989996,67.45612393183202,72.94261239871001,71.19328059858796,61.69769952,61.083837589877106,60.082149761971024,64.45560701497266,72.15885300690832,51.212425834228156,58.826204763401904,54.78429326515131,72.95555,0.9708897454439385
GSM990546,81.54443150295008,80.84549769666664,86.55151542673998,82.73827416854805,72.71395228,75.41694109255327,81.5867986000874,78.43558577911439,86.78028188560359,61.70903359132586,56.42560402031142,62.29091567334509,77.707756,1.1063260348073314
GSM990547,82.22594821011138,74.29515508044295,86.55685512672002,81.68535791679422,66.54841296000001,69.54321085259689,70.75941562612692,79.32115546173591,79.36140224864664,57.09162816639588,67.69045514949767,68.4816712532708,72.95142,0.8910343080461609
GSM990548,62.27994074734228,63.8268395048107,66.42337994869,64.28187251280325,56.43959939000001,50.98614269539405,57.40236639754927,59.35146818749891,61.685930012930214,50.11767639375927,49.6650485006939,51.23114508149033,63.14283,0.9027029658568566
GSM990549,56.266864220551525,55.07513975629737,63.77285050413,51.51106874492782,53.65069459,48.64578436933449,48.60581997022976,57.39403486279981,50.26675755119771,51.84878471525343,49.68597108886544,47.7221081866906,55.81155,1.023896303750147
GSM990550,76.68101428831335,75.94300969090853,79.49116449507,69.26449363446606,67.61870536,66.87355596240609,67.86518658939984,70.23700226814572,63.93222867012628,71.40560274125764,62.41392284769609,66.18243275424769,76.078445,1.0036094256822283
GSM990551,73.72224774144654,68.47916483886883,80.03348425483,69.41606811661558,59.857720289999996,57.52221019078134,63.56164716626729,61.35293574507246,61.44231658906881,55.99709161362097,59.679648967094025,56.15305470398355,65.21586,0.8403733495015175
GSM990552,70.58542525713162,67.41689171497853,82.42419680855001,79.53115990809108,61.75084699,65.89942382131126,72.71611010989066,69.43628056355301,70.59750555373734,64.74084960346505,54.324836773295125,57.27209176788646,72.3731,0.8652210813358061
GSM990553,73.7345383771289,72.51791460620396,86.95926653195,77.60228141143723,67.70882501,72.61226512478996,68.71725987005019,77.27086806942788,78.32469643663126,64.62272495877818,60.88180271468776,66.48264582435701,70.737785,1.1129324173999269
GSM990554,63.53117385636367,63.96728795726963,72.20918378251001,67.55544017332804,64.24412600000001,61.128160931859526,68.35642079670382,62.83890475291312,61.58087695053638,59.438017364232905,57.117731262073505,54.9734054470295,73.93232,1.2346521161380062
GSM990555,67.4969838091519,69.87336216275594,74.15116649646001,62.00657435784171,57.31685236999999,57.03351263299091,66.30385181070253,65.37661228284782,66.12372068007892,47.86997295613327,56.008912028966535,63.494968131213675,69.794106,1.0542215181969445
GSM990556,69.3691367012229,75.11243357543437,78.43091572110002,77.69308958641602,58.37361623000001,63.64610800062924,68.27695602082792,71.66238439102136,63.2160107753441,76.1872057857232,48.6688097649828,52.703104212016264,79.2786,0.8671209540185376
GSM990557,77.76944224646348,79.53662666637562,86.08459602093,82.8361433192315,67.56529935,75.75773747488152,80.41015248151865,77.74195858873466,71.58998962112412,63.21860943809298,70.1956049853801,64.34494493615671,81.84182,1.2281842682498993
GSM990558,91.40638186434205,82.47029210759877,91.90256189757001,90.8153284042173,68.47191917,77.48330966184793,80.42117837147194,84.24345808706025,92.68061304284925,68.17905857712958,74.57689731170163,77.51422904579658,82.66487,1.0155783624193826
GSM990559,78.62675821866111,77.26654331484201,87.61103220054001,77.40973477705994,66.51956789,68.39925313282124,78.92282816794778,79.69203038303007,64.42453594753187,74.76814040589775,57.679525666264084,62.71484269164366,79.20745,0.9875949460403737
GSM990560,83.46562095363387,81.9166710729628,91.94290556554,74.9002709063851,70.01852363,71.19510770159332,94.96548718223693,75.25484094737584,72.22895882221644,71.03957557604724,60.308744579202816,70.00570941865396,72.41528,1.068057931855602
GSM990561,73.537330274017,76.19823947319406,81.22946246699,77.48910500112888,65.58304238,65.72458045784455,72.15613268731016,72.1625682884323,69.93366048049558,62.68783456068155,58.38873804838735,56.361694054526446,73.81226,0.9887688657759011
GSM990562,81.43432722746137,71.652088950358,90.34787871902002,79.63059814398378,63.99228144999999,61.18109479651808,74.59219720876555,84.85372324910553,86.91862606073965,69.6160140304284,64.94127347989601,81.02556141506349,84.921646,1.1403065249047573
GSM990563,81.98066912847968,80.62089987613552,88.04602273563002,84.27061367723267,70.80561502,78.36007009533465,85.02758212746858,73.51840396667984,73.2630225548524,72.2578252954784,59.879486396555734,67.73766368266948,83.63604,1.0499697010506357
GSM990564,73.23252950999704,67.43641982826068,80.43105850782001,70.74204012917487,65.09965410999999,69.64170797292421,69.77152678132754,64.02407292719033,64.79881724896114,66.05886324291993,57.356198177858005,68.58346321682453,70.36789,0.9920259337029045
GSM990565,76.30849064713783,67.48296589749665,77.69056189489999,74.51378964884654,58.05328222000001,58.108028413168725,61.675457148381014,59.036291845517624,49.59291735494236,76.99426459040131,63.210036807597206,59.737818904614066,69.14782,0.8698819308998513
GSM990566,59.414419183027874,60.25782428976493,64.41618707032998,58.40412415667322,56.61983909,43.738097712619876,51.83941451565087,58.36503932891054,43.86138751848671,65.7626432386709,48.376007003268,55.423606113955024,57.369884,0.805139541573193
GSM990567,67.48743119821812,66.67967567785499,71.88856530030999,69.21589221590749,56.98401402,56.391601396462434,66.49767636344151,68.746562018734,48.833440871408584,73.52502148671243,52.866949530622854,56.65385296510012,64.574585,1.0812372331807052
GSM990568,67.49903821823918,75.02383343559286,76.50933030285,69.15538872109202,70.39845335999999,62.21355919586271,74.79375430574314,65.50279328851556,59.65483255382486,61.26807204921758,52.82203709952782,51.65194710964416,71.02239,1.07084519815237
GSM990569,76.85390118270557,79.12888074788623,88.98339468204,87.56888112577776,66.46324528,70.91467267454871,78.35425821485853,67.29955705841827,69.42331277955896,64.25832035076627,53.37543861113694,81.79740920633668,82.0922,1.1756711395866144
GSM990570,62.73556617734632,64.43854540428474,70.18860007811001,68.73984279859431,62.615579190000005,58.1212830673892,64.18839620555022,59.94494067807997,68.07680731037675,57.617643324409784,54.01852411030845,62.66230011690852,62.351345,1.1885112231055945
GSM990571,71.52857896610776,73.5983160662454,87.19103035006002,83.20941911821004,63.11274172,69.56839881800548,70.32642016930417,73.55777819969009,73.87165850114525,64.2248149567194,65.10087243488292,60.74709969174008,71.26334,0.8622527724094278
GSM990572,78.95973096186154,80.17986763467529,87.9187327601,88.71412660395247,60.22772345000001,69.36161757150153,75.1060165005141,77.72582588865365,57.241981146658304,86.69306838925843,51.22280228041367,65.77893387658264,78.85955,1.062916139157869
GSM990573,75.58262548241521,76.40229755098795,88.70424827961997,82.86445053412035,63.66676335,62.093238203008646,72.07499761871736,71.6242551206714,56.185126977645666,77.13339450572954,62.905164530605376,69.09793675760372,83.42366,1.0486323510535236
GSM990574,71.0267305851979,75.54692521730125,76.99736318365,67.52204804895534,57.20488664,57.982523204298985,61.46617403404327,64.61748501992135,47.37793382889129,92.4099134406913,57.7954494521381,61.3197657845074,79.21299,0.8237008929978014
GSM990575,60.60331562767269,58.24068938164413,66.56560781035999,68.90844196694218,56.1747153,55.57740642922598,59.10295924676193,57.40932732792287,58.487041348223954,47.1551809429059,48.06943618673415,53.946068683918206,67.56235,1.0074965485323302
GSM990576,75.40194767342263,75.63570447260469,84.9226471425,80.9211610748295,69.62708787,68.74021372032347,74.29570113673364,76.81017843517517,71.21426454490228,55.79961460155312,56.23873220069923,68.48101841162361,80.80945,0.9558990669001912
GSM990577,78.38786159049997,74.22724053323174,84.09268876041001,82.09135272556978,73.30875068,75.88667731964746,83.31927735540366,71.18782873981931,74.99971168513838,66.60095248422755,61.08885166376009,75.14213820190582,73.58668,1.1792212930986739
GSM990578,84.21814593165517,87.72832596038886,93.28388346765,82.75956098275418,79.62674172,81.9731275269942,90.42874371047785,87.63632046975228,80.071185654077,73.79036544479607,71.57085691665947,81.83586037403859,87.08447,1.195903962187988
GSM990579,80.72027877090547,76.89532586308152,87.17930627163001,81.8815302809436,61.81428617,70.66673142063001,72.17785480659121,62.099193664291235,69.697240883385,57.98350955154626,51.2279054055369,68.70959740399223,86.45497,0.9065524566961094
GSM990580,78.1478911547792,77.12934754822035,82.87142609219002,84.07856478559015,64.63966693,70.10164962040056,71.73063471815803,69.77820870704443,48.29323267004639,83.77646315171066,61.370292611586194,61.09203811999135,75.28539,0.9610653715011133
GSM990581,80.21706662647081,78.35807614631705,92.37127072824,84.60360043798845,63.262024100000005,68.76655620098256,76.34184090524116,82.5304559557857,66.9415890832808,73.58400183453494,67.19675313632432,70.2601882399425,89.78658,1.1172327594630254
GSM990582,68.31445807267978,74.60841868370068,78.31015667526,71.45363652998171,60.67331764,56.10904703781916,66.22098522156142,69.79265954941974,60.718074967313726,68.7776347533848,45.231272552528694,56.61976984528206,70.63737,0.9749260159327595
GSM990583,74.62086424103221,72.42731464923662,77.10508568813,76.70749409572323,57.24839757,61.68882071741987,62.31918557677425,65.34835519894867,42.362397168100244,89.41326600460474,50.300042311468374,58.01041254844372,72.90742,0.9663028585231257
GSM990584,73.15425383421164,79.68175363312021,88.20648066312002,90.50336957225262,64.66352445,72.43806767094124,73.77383281118905,78.78330547903961,72.62435607039163,64.21093891573477,51.38525298996038,60.123832220918636,88.99767,0.9420426109627158
GSM990585,69.38425748616777,69.54535594931718,73.39203044895,71.96622878430694,58.66719626,47.258962577164965,62.17925412643403,54.80629766293513,55.93576845731741,58.25496780712106,51.23967845394239,54.08019977317799,73.00691,0.8485139428924668
GSM990586,69.53154526350097,65.46437420920486,76.29077746989,70.75763552850886,61.289700960000005,62.3421344578552,63.30658011332886,75.05707121481919,61.82833861160839,73.21817971471569,55.755798785378204,67.33335409390111,70.22312,1.0379457800578524
GSM990587,48.5689671081559,50.50134995898818,52.92182878690001,48.876661490883265,48.75938961,35.68762513151704,39.48211995593002,50.567801569633794,38.396080481900924,59.55190497375145,50.20725035811135,44.599943126225845,50.44083,0.7860644813805133
GSM990588,76.47937806509644,75.53680772426122,90.76497867018,92.46711783073961,67.61828080000001,74.36440802355249,88.11326690839978,79.72722015423899,77.08568776896726,68.03414869151902,69.09803454052494,54.668352676275525,75.34493,1.112226031836142
GSM990589,75.57171032008003,74.990337540278,86.70642525644,79.62592111595342,65.56366012000001,62.83533237350461,75.32569832913084,70.1781626334775,70.22255883591515,66.08568042204223,55.1385590985428,56.67971697976355,79.87235,0.955895700788258
GSM990590,66.61987193988924,68.5476087284701,70.36613764414004,69.48269279073304,56.49209837,55.62618292649255,62.287920485780276,65.56553892248293,42.854713562791574,76.45924695558404,52.09981333902109,56.60241287653755,69.64939,0.9822430711058976
GSM990591,66.43201140875318,67.1637808685405,71.89414053415,72.95757025903724,60.951066620000006,41.43799124977434,55.311636878248024,62.3586825780439,45.43949143108199,72.17512527951311,53.002991766923934,62.95139220638567,91.16561,0.8347334200874585
GSM990592,44.7650493322784,48.21133463701621,53.78240735582,46.269834840291416,51.41418917,39.42710929537978,44.90377429974593,44.650096551209074,36.803862547927565,55.569793475337406,40.0868390991891,44.17138603165068,51.279926,0.9580320025761151
GSM990593,65.00050743307415,67.89160431655088,73.47544706788,69.22796070555252,61.228649579999995,48.80516325633535,59.12048583331296,62.13763336641843,61.05672780788558,55.42894430446364,59.77826702905402,56.37503031551025,70.42218,0.8981193628255215
GSM990594,75.68357456812765,74.05123566454358,79.01343668567002,77.4689778506679,60.929164209999996,61.495430177278735,68.23581299651458,75.1995823264294,58.662629764362066,87.97588770219389,59.314259166448906,66.45785889440151,71.74545,1.151775630409361
GSM990595,87.49203073446951,84.58383490698799,91.27318465549999,79.13626828360994,58.77655505,67.3294599815155,78.8345719519294,72.00109694400354,13.34339749655146,139.14274149584028,49.09341115852743,72.35009634701399,93.25959,1.0538162210752477
GSM990596,63.87954459016863,61.81030798364459,66.84193946499,59.51028678968962,56.08555596000001,55.05047410879578,53.134358804862984,62.69794332118469,50.60670719645469,65.96603901318682,50.430240878986304,51.92108997839372,65.31591,0.9016067580518232
GSM990597,74.80464101563066,70.31164418171284,80.05327429318002,74.127769645662,64.60043377000001,70.5382171461089,69.53950359513675,78.08132009337966,73.46266922661874,70.6231604007597,58.80686996195177,63.512013538586295,72.901436,0.9689640633013115
GSM990598,77.13677077102668,75.4736192841375,83.16437301586,77.40411713569999,70.15563321,66.74776792768867,69.88628809254942,67.81789157512623,57.77986143346101,76.46455482004382,57.45467817406701,68.42677978151445,70.501015,0.9754077585982517
GSM990599,65.25508922107801,69.44241037074559,74.09905753767998,71.75441129026684,64.71758925,54.13182296910101,59.30143671089239,64.06737967716342,47.76868035163011,80.78361162449781,51.407101227284926,56.74511427751445,62.33002,0.9177214180000677
GSM990600,59.99316645543949,59.34875293309122,63.77859761246001,60.177877814716226,60.13799548,50.338697922121696,52.73953003959504,56.26268485611374,43.66579891080772,64.06313671818765,48.6085703816405,55.11038606396257,55.636425,0.9074535196468383
GSM990601,72.68911258650348,69.29267842476467,82.03075633035002,75.95862904541019,64.26853100000001,80.55374798429438,72.0519816370763,71.43976250730452,60.84144620460796,84.81631879121903,60.54565516334738,62.06599508212778,75.43607,1.1399362098359092
GSM990602,77.51000503661342,78.6254452451403,87.91238234108998,80.62849946583347,66.8065696,58.91706758521571,75.73267803674985,76.59162977749553,67.22691708968875,66.19313128077243,66.15399503392928,74.37746092705663,83.75361,1.1125299598488476
GSM990603,70.87984495583197,66.98518972211849,74.15255806175001,66.16107763294069,61.147271769999996,57.657599098591895,59.291771775505296,65.74751323721412,55.27876931566135,71.13045606510843,54.56323110451214,60.09841882396142,68.7244,0.8897724898985264
GSM990604,65.64392245010328,69.15779599914407,74.17629893107,71.78149654059794,67.02578891,71.98699617464675,71.63084130060957,62.81558263166157,59.64013854326498,55.329376296216566,58.496353922413505,51.6410822766567,66.41792,1.148555610578475
GSM990605,85.57854302523246,74.86424941116042,87.15782379319,79.8668076544462,73.00391999,75.52897277356418,75.86379848835499,80.19022424473275,68.47801700387555,76.50748836291166,61.646894469227696,69.15192528240874,81.474174,1.0450656529890507
GSM990606,74.38321234535783,80.56370128746147,89.24268773826998,91.25015228182772,59.44055291,71.68673564376385,75.18915487142306,76.81289593808424,66.56184526221807,78.79160546669806,68.00601040531603,63.212692049597926,81.38177,1.0723189995017002
GSM990607,66.39310308827643,66.81920913806546,77.43567598427998,73.2743802514781,64.47687083,59.91032309791014,68.75427702433832,66.40534962315515,48.12094766356677,78.12957383195564,56.866413722424966,56.67414626629368,65.5352,0.9382377817622036
GSM990608,65.05474141168565,62.100908820770854,70.06288794770998,71.31113016542338,68.79576814,51.99981405738353,62.78887052182454,63.98465214891122,60.470251806609326,58.49748291294978,52.89131419876557,50.41193925112197,63.962555,0.9298224745812596
GSM990609,55.11466754370849,51.26476865179471,57.278894210480004,58.07865043879328,56.434609,44.4029689268451,48.995143705106514,46.48527550774936,35.70891104715599,67.17104428587214,45.140560591041876,48.92984592970168,50.696667,0.8946210196533
GSM990610,85.22990392612057,78.01839322173545,86.44563301772999,79.93836334927157,68.72912567,67.31877446507923,77.23377454617503,72.89099784580222,59.83340959470098,96.5644091589765,71.31067237395692,63.309479367579335,85.03315,1.2815992309884507
GSM990611,58.443338961753014,61.636188945069115,69.24953544617999,75.23332168435864,59.595698940000005,51.02527071164566,61.067085173293435,59.07666485914555,43.141396933628755,77.90050330318635,50.414302314235975,57.69376837758191,60.3312,1.0178528903658788
GSM990612,86.66162263164709,90.63494629275047,90.66299081274003,86.72870423610381,70.04943569,74.63106182119887,93.93832849602015,86.3718473005277,77.596404565564,83.17284104980934,71.73413510299264,70.9483325633436,81.66034,1.0353939153185925
GSM990613,65.48820509894529,57.09692517943182,65.80964167243,67.65504638532154,63.747423870000006,48.19264845999058,54.06007154485786,57.94861055226257,55.167598160931334,55.47701678698701,56.15486486602303,61.368426536348174,62.71374,1.0227479057852256
GSM990614,67.83428762287369,65.54021299203762,69.59186123025003,75.41361905413362,63.2480521,53.89102462105065,64.19114593302281,64.97502080964139,57.68080189251475,78.30973735585803,56.36624791671774,65.68007517193496,65.0741,0.9845038574967646
GSM990615,87.5911968980704,79.44671554475495,91.77898234947999,81.36063225897355,68.56053967,69.43063633771305,80.22702967291748,80.25786174219743,62.18391819901359,81.84284173339583,52.40822408740526,75.09096530017683,86.781815,1.1065311009511998
GSM990616,71.52752708518791,74.86662884612886,74.41058069583997,83.4087796504063,63.80275433,62.74519657782507,69.19635747728447,71.07985858455113,51.825952254329536,71.03463536993146,57.065649921712506,60.0686569730884,72.25468,0.9137111897731958
GSM990617,65.6451600011073,71.89488007183465,74.06232728959002,69.57376594442407,57.155201399999996,64.50543157422595,60.02980302574893,63.70328771141027,41.05756789900818,91.03786812991234,50.796703519887714,53.62294013304429,67.62804,0.8603384872581521
GSM990618,63.664914774129414,63.55862446737183,70.20178326418001,66.94557664802562,60.93054994,49.91966625881385,60.407641910619446,61.306573790588935,46.7751441856002,73.4976132085564,53.10291915287142,59.06096707048446,60.3138,0.9915087855764448
GSM990619,66.68329096721197,72.74351620664828,75.87059696668003,73.52210822868608,68.10062632,57.779092839648285,65.28596419679073,65.92434511115202,46.24338404365017,80.6245321406609,52.01013984934848,55.928125453743796,72.47723,0.9247211186916906
GSM990620,81.53609698987785,78.09066363470981,86.62805613145001,83.83603411071464,68.28986865,76.78762134833205,87.72959450881771,75.44140729842496,64.31522598779713,83.67982344636255,60.56197298284879,65.13102553327562,88.19089,0.9128621497703464
GSM990621,66.19378106115991,67.75015104129669,71.43150280674999,75.28782551886587,67.97896177000001,67.91580543217937,67.85759831729106,66.41689618938992,60.55116707752251,62.72104542735559,57.139810418076735,66.3457930918988,67.29753,1.0124761779433475
GSM990622,79.07860218945933,73.03502470143286,76.99475152659001,79.25619914082849,69.89827303,79.0812285162681,72.88903103995374,69.51905869689462,74.29079193606896,64.04341433198627,66.5203835352804,72.20463480141404,72.23831,0.9558944994575009
GSM990623,72.10390588697567,73.7830649602777,79.83472272974001,78.5917671212825,64.45852137,70.63276480540897,70.50262745829917,71.91263298984526,55.46399450857871,85.02694169911302,56.57803119222414,59.96113104910352,68.53412,0.8059875804646033
GSM990624,74.35172785452829,66.80557622773944,76.03638926029001,71.71010934600938,68.00181462,56.43397847687149,70.77491830723648,59.25182926540424,47.364470276095744,70.85135847167163,54.05907797360066,57.962188078023125,66.73532,1.0742474309035241
GSM990625,67.43575295411952,67.7994789705206,67.84580142486001,66.56657047926015,69.37774909,52.784414319987945,59.73855285663825,68.58807823142077,62.02466254557686,60.77268705471349,57.98125374114276,63.79135010735899,62.190437,0.8305135443261422
GSM990626,60.376187811596964,60.77103274776033,65.59045825999002,56.68982520810245,65.84392903999999,44.67851761538148,57.700906277363714,60.857243666142566,54.46081657704161,64.90909596265703,48.89047723213859,52.123179927723406,59.17626,0.9742374707640569
GSM990627,77.34333231239653,77.14142698999689,80.63349702262998,77.1511336338536,71.13936058,65.12263891863296,68.52214895693082,71.55493393303668,78.88673034642841,62.250415574029375,62.1329964915147,72.57849638117716,80.38883,0.9718670099014981
